"Year","Day","Reach","Effort","Redds","habitat","STRM_NAME","root","parent"
2013,64,1,0.751516771600208,0,TRUE,"Mill Creek",TRUE,NA
2013,64,2,1.06671045440621,0,TRUE,"Mill Creek",FALSE,1
2013,64,3,1.02240779685412,0,TRUE,"Mill Creek",FALSE,2
2013,64,4,1.02240779685412,0,TRUE,"Mill Creek",FALSE,3
2013,78,1,0.751516771600208,0,TRUE,"Mill Creek",TRUE,NA
2013,78,2,1.06671045440621,0,TRUE,"Mill Creek",FALSE,1
2013,78,3,1.02240779685412,0,TRUE,"Mill Creek",FALSE,2
2013,78,4,1.02240779685412,0,TRUE,"Mill Creek",FALSE,3
2013,92,1,0.751516771600208,0,TRUE,"Mill Creek",TRUE,NA
2013,92,2,1.06671045440621,0,TRUE,"Mill Creek",FALSE,1
2013,92,3,1.02240779685412,0,TRUE,"Mill Creek",FALSE,2
2013,92,4,1.02240779685412,0,TRUE,"Mill Creek",FALSE,3
2013,105,1,0.751516771600208,0,TRUE,"Mill Creek",TRUE,NA
2013,105,2,1.06671045440621,0,TRUE,"Mill Creek",FALSE,1
2013,105,3,1.02240779685412,0,TRUE,"Mill Creek",FALSE,2
2013,105,4,1.02240779685412,2,TRUE,"Mill Creek",FALSE,3
2013,120,1,0.751516771600208,0,TRUE,"Mill Creek",TRUE,NA
2013,120,2,1.06671045440621,0,TRUE,"Mill Creek",FALSE,1
2013,120,3,1.02240779685412,0,TRUE,"Mill Creek",FALSE,2
2013,120,4,1.02240779685412,2,TRUE,"Mill Creek",FALSE,3
2013,134,1,0.751516771600208,0,TRUE,"Mill Creek",TRUE,NA
2013,134,2,1.06671045440621,0,TRUE,"Mill Creek",FALSE,1
2013,134,3,1.02240779685412,0,TRUE,"Mill Creek",FALSE,2
2013,134,4,1.02240779685412,1,TRUE,"Mill Creek",FALSE,3
2013,149,1,0.751516771600208,0,TRUE,"Mill Creek",TRUE,NA
2013,149,2,1.06671045440621,0,TRUE,"Mill Creek",FALSE,1
2013,149,3,1.02240779685412,0,TRUE,"Mill Creek",FALSE,2
2013,149,4,1.02240779685412,0,TRUE,"Mill Creek",FALSE,3
2013,150,1,0.751516771600208,0,TRUE,"Mill Creek",TRUE,NA
2013,150,2,1.06671045440621,0,TRUE,"Mill Creek",FALSE,1
2013,150,3,1.02240779685412,0,TRUE,"Mill Creek",FALSE,2
2013,150,4,1.02240779685412,0,TRUE,"Mill Creek",FALSE,3
2013,64,6,1.02240779685415,0,TRUE,"Mill Creek",FALSE,5
2013,64,7,1.02240779685412,0,TRUE,"Mill Creek",FALSE,6
2013,64,8,1.02240779685415,0,TRUE,"Mill Creek",FALSE,7
2013,64,9,1.02240779685411,0,TRUE,"Mill Creek",FALSE,8
2013,64,10,1.02240779685416,0,TRUE,"Mill Creek",FALSE,9
2013,78,6,1.02240779685415,0,TRUE,"Mill Creek",FALSE,5
2013,78,7,1.02240779685412,0,TRUE,"Mill Creek",FALSE,6
2013,78,8,1.02240779685415,1,TRUE,"Mill Creek",FALSE,7
2013,78,9,1.02240779685411,0,TRUE,"Mill Creek",FALSE,8
2013,78,10,1.02240779685416,0,TRUE,"Mill Creek",FALSE,9
2013,92,6,1.02240779685415,2,TRUE,"Mill Creek",FALSE,5
2013,92,7,1.02240779685412,1,TRUE,"Mill Creek",FALSE,6
2013,92,8,1.02240779685415,2,TRUE,"Mill Creek",FALSE,7
2013,92,9,1.02240779685411,0,TRUE,"Mill Creek",FALSE,8
2013,92,10,1.02240779685416,2,TRUE,"Mill Creek",FALSE,9
2013,105,6,1.02240779685415,4,TRUE,"Mill Creek",FALSE,5
2013,105,7,1.02240779685412,1,TRUE,"Mill Creek",FALSE,6
2013,105,8,1.02240779685415,4,TRUE,"Mill Creek",FALSE,7
2013,105,9,1.02240779685411,0,TRUE,"Mill Creek",FALSE,8
2013,105,10,1.02240779685416,2,TRUE,"Mill Creek",FALSE,9
2013,120,6,1.02240779685415,4,TRUE,"Mill Creek",FALSE,5
2013,120,7,1.02240779685412,2,TRUE,"Mill Creek",FALSE,6
2013,120,8,1.02240779685415,3,TRUE,"Mill Creek",FALSE,7
2013,120,9,1.02240779685411,0,TRUE,"Mill Creek",FALSE,8
2013,120,10,1.02240779685416,0,TRUE,"Mill Creek",FALSE,9
2013,134,6,1.02240779685415,4,TRUE,"Mill Creek",FALSE,5
2013,134,7,1.02240779685412,2,TRUE,"Mill Creek",FALSE,6
2013,134,8,1.02240779685415,2,TRUE,"Mill Creek",FALSE,7
2013,134,9,1.02240779685411,0,TRUE,"Mill Creek",FALSE,8
2013,134,10,1.02240779685416,0,TRUE,"Mill Creek",FALSE,9
2013,149,6,1.02240779685415,0,TRUE,"Mill Creek",FALSE,5
2013,149,7,1.02240779685412,0,TRUE,"Mill Creek",FALSE,6
2013,149,8,1.02240779685415,0,TRUE,"Mill Creek",FALSE,7
2013,149,9,1.02240779685411,0,TRUE,"Mill Creek",FALSE,8
2013,149,10,1.02240779685416,0,TRUE,"Mill Creek",FALSE,9
2013,150,6,1.02240779685415,2,TRUE,"Mill Creek",FALSE,5
2013,150,7,1.02240779685412,1,TRUE,"Mill Creek",FALSE,6
2013,150,8,1.02240779685415,0,TRUE,"Mill Creek",FALSE,7
2013,150,9,1.02240779685411,0,TRUE,"Mill Creek",FALSE,8
2013,150,10,1.02240779685416,0,TRUE,"Mill Creek",FALSE,9
2013,64,12,1.02240779685415,1,TRUE,"Mill Creek",FALSE,11
2013,64,13,1.02240779685412,0,TRUE,"Mill Creek",FALSE,12
2013,64,14,1.0224077968541,0,TRUE,"Mill Creek",FALSE,13
2013,64,15,1.02240779685416,0,TRUE,"Mill Creek",FALSE,14
2013,64,16,1.02240779685414,0,TRUE,"Mill Creek",FALSE,15
2013,64,17,0.222092318506529,0,TRUE,"Mill Creek",FALSE,16
2013,78,12,1.02240779685415,0,TRUE,"Mill Creek",FALSE,11
2013,78,13,1.02240779685412,0,TRUE,"Mill Creek",FALSE,12
2013,78,14,1.0224077968541,0,TRUE,"Mill Creek",FALSE,13
2013,78,15,1.02240779685416,0,TRUE,"Mill Creek",FALSE,14
2013,78,16,1.02240779685414,0,TRUE,"Mill Creek",FALSE,15
2013,78,17,0.222092318506529,0,TRUE,"Mill Creek",FALSE,16
2013,92,12,1.02240779685415,0,TRUE,"Mill Creek",FALSE,11
2013,92,13,1.02240779685412,1,TRUE,"Mill Creek",FALSE,12
2013,92,14,1.0224077968541,0,TRUE,"Mill Creek",FALSE,13
2013,92,15,1.02240779685416,1,TRUE,"Mill Creek",FALSE,14
2013,92,16,1.02240779685414,0,TRUE,"Mill Creek",FALSE,15
2013,92,17,0.222092318506529,0,TRUE,"Mill Creek",FALSE,16
2013,105,12,1.02240779685415,0,TRUE,"Mill Creek",FALSE,11
2013,105,13,1.02240779685412,0,TRUE,"Mill Creek",FALSE,12
2013,105,14,1.0224077968541,0,TRUE,"Mill Creek",FALSE,13
2013,105,15,1.02240779685416,0,TRUE,"Mill Creek",FALSE,14
2013,105,16,1.02240779685414,0,TRUE,"Mill Creek",FALSE,15
2013,120,12,1.02240779685415,0,TRUE,"Mill Creek",FALSE,11
2013,120,13,1.02240779685412,0,TRUE,"Mill Creek",FALSE,12
2013,120,14,1.0224077968541,0,TRUE,"Mill Creek",FALSE,13
2013,120,15,1.02240779685416,0,TRUE,"Mill Creek",FALSE,14
2013,120,16,1.02240779685414,0,TRUE,"Mill Creek",FALSE,15
2013,120,17,0.222092318506529,0,TRUE,"Mill Creek",FALSE,16
2013,134,12,1.02240779685415,0,TRUE,"Mill Creek",FALSE,11
2013,134,13,1.02240779685412,0,TRUE,"Mill Creek",FALSE,12
2013,134,14,1.0224077968541,0,TRUE,"Mill Creek",FALSE,13
2013,134,15,1.02240779685416,0,TRUE,"Mill Creek",FALSE,14
2013,134,16,1.02240779685414,0,TRUE,"Mill Creek",FALSE,15
2013,134,17,0.222092318506529,0,TRUE,"Mill Creek",FALSE,16
2013,149,12,1.02240779685415,0,TRUE,"Mill Creek",FALSE,11
2013,149,13,1.02240779685412,0,TRUE,"Mill Creek",FALSE,12
2013,149,14,1.0224077968541,0,TRUE,"Mill Creek",FALSE,13
2013,149,15,1.02240779685416,0,TRUE,"Mill Creek",FALSE,14
2013,149,16,1.02240779685414,0,TRUE,"Mill Creek",FALSE,15
2013,149,17,0.222092318506529,0,TRUE,"Mill Creek",FALSE,16
2013,150,12,1.02240779685415,0,TRUE,"Mill Creek",FALSE,11
2013,150,13,1.02240779685412,0,TRUE,"Mill Creek",FALSE,12
2013,150,14,1.0224077968541,0,TRUE,"Mill Creek",FALSE,13
2013,150,15,1.02240779685416,0,TRUE,"Mill Creek",FALSE,14
2013,150,16,1.02240779685414,0,TRUE,"Mill Creek",FALSE,15
2013,150,17,0.222092318506529,0,TRUE,"Mill Creek",FALSE,16
2013,105,18,1.02240779685413,0,TRUE,"Mill Creek",FALSE,17
2013,64,20,1.03442151877225,1,TRUE,"South Fork Mill Creek",FALSE,19
2013,64,21,1.03442151877219,0,TRUE,"South Fork Mill Creek",FALSE,20
2013,64,22,1.02851343972268,0,TRUE,"South Fork Mill Creek",FALSE,21
2013,78,20,1.03442151877225,1,TRUE,"South Fork Mill Creek",FALSE,19
2013,78,21,1.03442151877219,0,TRUE,"South Fork Mill Creek",FALSE,20
2013,78,22,1.02851343972268,0,TRUE,"South Fork Mill Creek",FALSE,21
2013,92,20,1.03442151877225,1,TRUE,"South Fork Mill Creek",FALSE,19
2013,92,21,1.03442151877219,0,TRUE,"South Fork Mill Creek",FALSE,20
2013,92,22,1.02851343972268,0,TRUE,"South Fork Mill Creek",FALSE,21
2013,105,20,1.03442151877225,1,TRUE,"South Fork Mill Creek",FALSE,19
2013,105,21,1.03442151877219,0,TRUE,"South Fork Mill Creek",FALSE,20
2013,105,22,1.02851343972268,0,TRUE,"South Fork Mill Creek",FALSE,21
2013,119,20,1.03442151877225,0,TRUE,"South Fork Mill Creek",FALSE,19
2013,119,21,1.03442151877219,0,TRUE,"South Fork Mill Creek",FALSE,20
2013,119,22,1.02851343972268,0,TRUE,"South Fork Mill Creek",FALSE,21
2013,134,20,1.03442151877225,0,TRUE,"South Fork Mill Creek",FALSE,19
2013,134,21,1.03442151877219,0,TRUE,"South Fork Mill Creek",FALSE,20
2013,134,22,1.02851343972268,0,TRUE,"South Fork Mill Creek",FALSE,21
2013,150,20,1.03442151877225,0,TRUE,"South Fork Mill Creek",FALSE,19
2013,150,21,1.03442151877219,0,TRUE,"South Fork Mill Creek",FALSE,20
2013,150,22,1.02851343972268,0,TRUE,"South Fork Mill Creek",FALSE,21
2014,51,1,0.751516771600208,0,TRUE,"Mill Creek",TRUE,NA
2014,51,2,1.06671045440621,0,TRUE,"Mill Creek",FALSE,1
2014,51,3,1.02240779685412,0,TRUE,"Mill Creek",FALSE,2
2014,51,4,1.02240779685412,0,TRUE,"Mill Creek",FALSE,3
2014,51,5,0.565832769254113,0,TRUE,"Mill Creek",FALSE,4
2014,56,1,0.751516771600208,0,TRUE,"Mill Creek",TRUE,NA
2014,56,2,1.06671045440621,0,TRUE,"Mill Creek",FALSE,1
2014,56,3,1.02240779685412,0,TRUE,"Mill Creek",FALSE,2
2014,56,4,1.02240779685412,0,TRUE,"Mill Creek",FALSE,3
2014,72,1,0.751516771600208,0,TRUE,"Mill Creek",TRUE,NA
2014,72,2,1.06671045440621,0,TRUE,"Mill Creek",FALSE,1
2014,72,3,1.02240779685412,0,TRUE,"Mill Creek",FALSE,2
2014,72,4,1.02240779685412,0,TRUE,"Mill Creek",FALSE,3
2014,83,1,0.751516771600208,0,TRUE,"Mill Creek",TRUE,NA
2014,83,2,1.06671045440621,0,TRUE,"Mill Creek",FALSE,1
2014,83,3,1.02240779685412,0,TRUE,"Mill Creek",FALSE,2
2014,83,4,1.02240779685412,0,TRUE,"Mill Creek",FALSE,3
2014,98,1,0.751516771600208,0,TRUE,"Mill Creek",TRUE,NA
2014,98,2,1.06671045440621,0,TRUE,"Mill Creek",FALSE,1
2014,98,3,1.02240779685412,1,TRUE,"Mill Creek",FALSE,2
2014,98,4,1.02240779685412,0,TRUE,"Mill Creek",FALSE,3
2014,111,1,0.751516771600208,0,TRUE,"Mill Creek",TRUE,NA
2014,111,2,1.06671045440621,0,TRUE,"Mill Creek",FALSE,1
2014,111,3,1.02240779685412,2,TRUE,"Mill Creek",FALSE,2
2014,111,4,1.02240779685412,1,TRUE,"Mill Creek",FALSE,3
2014,125,1,0.751516771600208,0,TRUE,"Mill Creek",TRUE,NA
2014,125,2,1.06671045440621,1,TRUE,"Mill Creek",FALSE,1
2014,125,3,1.02240779685412,3,TRUE,"Mill Creek",FALSE,2
2014,125,4,1.02240779685412,0,TRUE,"Mill Creek",FALSE,3
2014,140,1,0.751516771600208,0,TRUE,"Mill Creek",TRUE,NA
2014,140,2,1.06671045440621,0,TRUE,"Mill Creek",FALSE,1
2014,140,3,1.02240779685412,0,TRUE,"Mill Creek",FALSE,2
2014,140,4,1.02240779685412,0,TRUE,"Mill Creek",FALSE,3
2014,154,1,0.751516771600208,0,TRUE,"Mill Creek",TRUE,NA
2014,154,2,1.06671045440621,0,TRUE,"Mill Creek",FALSE,1
2014,154,3,1.02240779685412,0,TRUE,"Mill Creek",FALSE,2
2014,154,4,1.02240779685412,0,TRUE,"Mill Creek",FALSE,3
2014,56,6,1.02240779685415,0,TRUE,"Mill Creek",FALSE,5
2014,56,7,1.02240779685412,0,TRUE,"Mill Creek",FALSE,6
2014,56,8,1.02240779685415,0,TRUE,"Mill Creek",FALSE,7
2014,56,9,1.02240779685411,0,TRUE,"Mill Creek",FALSE,8
2014,56,10,1.02240779685416,0,TRUE,"Mill Creek",FALSE,9
2014,72,6,1.02240779685415,0,TRUE,"Mill Creek",FALSE,5
2014,72,7,1.02240779685412,0,TRUE,"Mill Creek",FALSE,6
2014,72,8,1.02240779685415,0,TRUE,"Mill Creek",FALSE,7
2014,72,9,1.02240779685411,0,TRUE,"Mill Creek",FALSE,8
2014,72,10,1.02240779685416,0,TRUE,"Mill Creek",FALSE,9
2014,83,6,1.02240779685415,0,TRUE,"Mill Creek",FALSE,5
2014,83,7,1.02240779685412,0,TRUE,"Mill Creek",FALSE,6
2014,83,8,1.02240779685415,0,TRUE,"Mill Creek",FALSE,7
2014,83,9,1.02240779685411,0,TRUE,"Mill Creek",FALSE,8
2014,83,10,1.02240779685416,1,TRUE,"Mill Creek",FALSE,9
2014,98,6,1.02240779685415,1,TRUE,"Mill Creek",FALSE,5
2014,98,7,1.02240779685412,1,TRUE,"Mill Creek",FALSE,6
2014,98,8,1.02240779685415,1,TRUE,"Mill Creek",FALSE,7
2014,98,9,1.02240779685411,1,TRUE,"Mill Creek",FALSE,8
2014,98,10,1.02240779685416,1,TRUE,"Mill Creek",FALSE,9
2014,111,6,1.02240779685415,3,TRUE,"Mill Creek",FALSE,5
2014,111,7,1.02240779685412,3,TRUE,"Mill Creek",FALSE,6
2014,111,8,1.02240779685415,2,TRUE,"Mill Creek",FALSE,7
2014,111,9,1.02240779685411,1,TRUE,"Mill Creek",FALSE,8
2014,111,10,1.02240779685416,3,TRUE,"Mill Creek",FALSE,9
2014,125,6,1.02240779685415,2,TRUE,"Mill Creek",FALSE,5
2014,125,7,1.02240779685412,2,TRUE,"Mill Creek",FALSE,6
2014,125,8,1.02240779685415,1,TRUE,"Mill Creek",FALSE,7
2014,125,9,1.02240779685411,0,TRUE,"Mill Creek",FALSE,8
2014,125,10,1.02240779685416,2,TRUE,"Mill Creek",FALSE,9
2014,140,6,1.02240779685415,1,TRUE,"Mill Creek",FALSE,5
2014,140,7,1.02240779685412,0,TRUE,"Mill Creek",FALSE,6
2014,140,8,1.02240779685415,0,TRUE,"Mill Creek",FALSE,7
2014,140,9,1.02240779685411,0,TRUE,"Mill Creek",FALSE,8
2014,140,10,1.02240779685416,0,TRUE,"Mill Creek",FALSE,9
2014,154,6,1.02240779685415,0,TRUE,"Mill Creek",FALSE,5
2014,154,7,1.02240779685412,0,TRUE,"Mill Creek",FALSE,6
2014,154,8,1.02240779685415,0,TRUE,"Mill Creek",FALSE,7
2014,154,9,1.02240779685411,0,TRUE,"Mill Creek",FALSE,8
2014,154,10,1.02240779685416,0,TRUE,"Mill Creek",FALSE,9
2014,56,12,1.02240779685415,0,TRUE,"Mill Creek",FALSE,11
2014,56,13,1.02240779685412,0,TRUE,"Mill Creek",FALSE,12
2014,56,14,1.0224077968541,0,TRUE,"Mill Creek",FALSE,13
2014,56,15,1.02240779685416,0,TRUE,"Mill Creek",FALSE,14
2014,56,16,1.02240779685414,0,TRUE,"Mill Creek",FALSE,15
2014,56,17,0.222092318506529,0,TRUE,"Mill Creek",FALSE,16
2014,72,12,1.02240779685415,0,TRUE,"Mill Creek",FALSE,11
2014,72,13,1.02240779685412,0,TRUE,"Mill Creek",FALSE,12
2014,72,14,1.0224077968541,0,TRUE,"Mill Creek",FALSE,13
2014,72,15,1.02240779685416,1,TRUE,"Mill Creek",FALSE,14
2014,72,16,1.02240779685414,0,TRUE,"Mill Creek",FALSE,15
2014,72,17,0.222092318506529,0,TRUE,"Mill Creek",FALSE,16
2014,83,12,1.02240779685415,0,TRUE,"Mill Creek",FALSE,11
2014,83,13,1.02240779685412,0,TRUE,"Mill Creek",FALSE,12
2014,83,14,1.0224077968541,0,TRUE,"Mill Creek",FALSE,13
2014,83,15,1.02240779685416,2,TRUE,"Mill Creek",FALSE,14
2014,83,16,1.02240779685414,0,TRUE,"Mill Creek",FALSE,15
2014,83,17,0.222092318506529,0,TRUE,"Mill Creek",FALSE,16
2014,98,12,1.02240779685415,0,TRUE,"Mill Creek",FALSE,11
2014,98,13,1.02240779685412,0,TRUE,"Mill Creek",FALSE,12
2014,98,14,1.0224077968541,0,TRUE,"Mill Creek",FALSE,13
2014,98,15,1.02240779685416,1,TRUE,"Mill Creek",FALSE,14
2014,98,16,1.02240779685414,0,TRUE,"Mill Creek",FALSE,15
2014,98,17,0.222092318506529,0,TRUE,"Mill Creek",FALSE,16
2014,111,12,1.02240779685415,0,TRUE,"Mill Creek",FALSE,11
2014,111,13,1.02240779685412,0,TRUE,"Mill Creek",FALSE,12
2014,111,14,1.0224077968541,0,TRUE,"Mill Creek",FALSE,13
2014,111,15,1.02240779685416,0,TRUE,"Mill Creek",FALSE,14
2014,111,16,1.02240779685414,0,TRUE,"Mill Creek",FALSE,15
2014,125,12,1.02240779685415,2,TRUE,"Mill Creek",FALSE,11
2014,125,13,1.02240779685412,0,TRUE,"Mill Creek",FALSE,12
2014,125,14,1.0224077968541,0,TRUE,"Mill Creek",FALSE,13
2014,125,15,1.02240779685416,0,TRUE,"Mill Creek",FALSE,14
2014,125,16,1.02240779685414,0,TRUE,"Mill Creek",FALSE,15
2014,125,17,0.222092318506529,1,TRUE,"Mill Creek",FALSE,16
2014,140,12,1.02240779685415,0,TRUE,"Mill Creek",FALSE,11
2014,140,13,1.02240779685412,0,TRUE,"Mill Creek",FALSE,12
2014,140,14,1.0224077968541,0,TRUE,"Mill Creek",FALSE,13
2014,140,15,1.02240779685416,0,TRUE,"Mill Creek",FALSE,14
2014,140,16,1.02240779685414,0,TRUE,"Mill Creek",FALSE,15
2014,140,17,0.222092318506529,0,TRUE,"Mill Creek",FALSE,16
2014,154,12,1.02240779685415,0,TRUE,"Mill Creek",FALSE,11
2014,154,13,1.02240779685412,0,TRUE,"Mill Creek",FALSE,12
2014,154,14,1.0224077968541,0,TRUE,"Mill Creek",FALSE,13
2014,154,15,1.02240779685416,0,TRUE,"Mill Creek",FALSE,14
2014,154,16,1.02240779685414,0,TRUE,"Mill Creek",FALSE,15
2014,154,17,0.222092318506529,0,TRUE,"Mill Creek",FALSE,16
2014,111,18,1.02240779685413,0,TRUE,"Mill Creek",FALSE,17
2014,56,20,1.03442151877225,0,TRUE,"South Fork Mill Creek",FALSE,19
2014,56,21,1.03442151877219,0,TRUE,"South Fork Mill Creek",FALSE,20
2014,56,22,1.02851343972268,0,TRUE,"South Fork Mill Creek",FALSE,21
2014,72,20,1.03442151877225,0,TRUE,"South Fork Mill Creek",FALSE,19
2014,72,21,1.03442151877219,0,TRUE,"South Fork Mill Creek",FALSE,20
2014,72,22,1.02851343972268,0,TRUE,"South Fork Mill Creek",FALSE,21
2014,83,20,1.03442151877225,0,TRUE,"South Fork Mill Creek",FALSE,19
2014,83,21,1.03442151877219,0,TRUE,"South Fork Mill Creek",FALSE,20
2014,83,22,1.02851343972268,0,TRUE,"South Fork Mill Creek",FALSE,21
2014,98,20,1.03442151877225,0,TRUE,"South Fork Mill Creek",FALSE,19
2014,98,21,1.03442151877219,0,TRUE,"South Fork Mill Creek",FALSE,20
2014,98,22,1.02851343972268,0,TRUE,"South Fork Mill Creek",FALSE,21
2014,111,20,1.03442151877225,0,TRUE,"South Fork Mill Creek",FALSE,19
2014,111,21,1.03442151877219,0,TRUE,"South Fork Mill Creek",FALSE,20
2014,111,22,1.02851343972268,0,TRUE,"South Fork Mill Creek",FALSE,21
2014,125,20,1.03442151877225,0,TRUE,"South Fork Mill Creek",FALSE,19
2014,125,21,1.03442151877219,0,TRUE,"South Fork Mill Creek",FALSE,20
2014,125,22,1.02851343972268,0,TRUE,"South Fork Mill Creek",FALSE,21
2014,140,20,1.03442151877225,0,TRUE,"South Fork Mill Creek",FALSE,19
2014,140,21,1.03442151877219,0,TRUE,"South Fork Mill Creek",FALSE,20
2014,140,22,1.02851343972268,0,TRUE,"South Fork Mill Creek",FALSE,21
2014,154,20,1.03442151877225,0,TRUE,"South Fork Mill Creek",FALSE,19
2014,154,21,1.03442151877219,0,TRUE,"South Fork Mill Creek",FALSE,20
2014,154,22,1.02851343972268,0,TRUE,"South Fork Mill Creek",FALSE,21
2015,49,1,0.751516771600208,0,TRUE,"Mill Creek",TRUE,NA
2015,49,2,1.06671045440621,0,TRUE,"Mill Creek",FALSE,1
2015,49,3,1.02240779685412,0,TRUE,"Mill Creek",FALSE,2
2015,49,4,1.02240779685412,0,TRUE,"Mill Creek",FALSE,3
2015,62,1,0.751516771600208,0,TRUE,"Mill Creek",TRUE,NA
2015,62,2,1.06671045440621,1,TRUE,"Mill Creek",FALSE,1
2015,62,3,1.02240779685412,0,TRUE,"Mill Creek",FALSE,2
2015,62,4,1.02240779685412,0,TRUE,"Mill Creek",FALSE,3
2015,77,1,0.751516771600208,0,TRUE,"Mill Creek",TRUE,NA
2015,77,2,1.06671045440621,1,TRUE,"Mill Creek",FALSE,1
2015,77,3,1.02240779685412,1,TRUE,"Mill Creek",FALSE,2
2015,77,4,1.02240779685412,0,TRUE,"Mill Creek",FALSE,3
2015,85,1,0.751516771600208,1,TRUE,"Mill Creek",TRUE,NA
2015,85,2,1.06671045440621,0,TRUE,"Mill Creek",FALSE,1
2015,85,3,1.02240779685412,1,TRUE,"Mill Creek",FALSE,2
2015,85,4,1.02240779685412,0,TRUE,"Mill Creek",FALSE,3
2015,104,1,0.751516771600208,0,TRUE,"Mill Creek",TRUE,NA
2015,104,2,1.06671045440621,0,TRUE,"Mill Creek",FALSE,1
2015,104,3,1.02240779685412,0,TRUE,"Mill Creek",FALSE,2
2015,104,4,1.02240779685412,1,TRUE,"Mill Creek",FALSE,3
2015,118,1,0.751516771600208,1,TRUE,"Mill Creek",TRUE,NA
2015,118,2,1.06671045440621,0,TRUE,"Mill Creek",FALSE,1
2015,118,3,1.02240779685412,2,TRUE,"Mill Creek",FALSE,2
2015,118,4,1.02240779685412,2,TRUE,"Mill Creek",FALSE,3
2015,132,1,0.751516771600208,0,TRUE,"Mill Creek",TRUE,NA
2015,132,2,1.06671045440621,1,TRUE,"Mill Creek",FALSE,1
2015,132,3,1.02240779685412,0,TRUE,"Mill Creek",FALSE,2
2015,132,4,1.02240779685412,1,TRUE,"Mill Creek",FALSE,3
2015,146,1,0.751516771600208,0,TRUE,"Mill Creek",TRUE,NA
2015,146,2,1.06671045440621,0,TRUE,"Mill Creek",FALSE,1
2015,146,3,1.02240779685412,0,TRUE,"Mill Creek",FALSE,2
2015,146,4,1.02240779685412,0,TRUE,"Mill Creek",FALSE,3
2015,49,6,1.02240779685415,0,TRUE,"Mill Creek",FALSE,5
2015,49,7,1.02240779685412,1,TRUE,"Mill Creek",FALSE,6
2015,49,8,1.02240779685415,0,TRUE,"Mill Creek",FALSE,7
2015,49,9,1.02240779685411,0,TRUE,"Mill Creek",FALSE,8
2015,49,10,1.02240779685416,0,TRUE,"Mill Creek",FALSE,9
2015,62,6,1.02240779685415,0,TRUE,"Mill Creek",FALSE,5
2015,62,7,1.02240779685412,1,TRUE,"Mill Creek",FALSE,6
2015,62,8,1.02240779685415,0,TRUE,"Mill Creek",FALSE,7
2015,62,9,1.02240779685411,0,TRUE,"Mill Creek",FALSE,8
2015,62,10,1.02240779685416,0,TRUE,"Mill Creek",FALSE,9
2015,77,6,1.02240779685415,0,TRUE,"Mill Creek",FALSE,5
2015,77,7,1.02240779685412,1,TRUE,"Mill Creek",FALSE,6
2015,77,8,1.02240779685415,0,TRUE,"Mill Creek",FALSE,7
2015,77,9,1.02240779685411,1,TRUE,"Mill Creek",FALSE,8
2015,77,10,1.02240779685416,0,TRUE,"Mill Creek",FALSE,9
2015,85,6,1.02240779685415,4,TRUE,"Mill Creek",FALSE,5
2015,85,7,1.02240779685412,3,TRUE,"Mill Creek",FALSE,6
2015,85,8,1.02240779685415,1,TRUE,"Mill Creek",FALSE,7
2015,85,9,1.02240779685411,2,TRUE,"Mill Creek",FALSE,8
2015,85,10,1.02240779685416,1,TRUE,"Mill Creek",FALSE,9
2015,104,6,1.02240779685415,5,TRUE,"Mill Creek",FALSE,5
2015,104,7,1.02240779685412,7,TRUE,"Mill Creek",FALSE,6
2015,104,8,1.02240779685415,1,TRUE,"Mill Creek",FALSE,7
2015,104,9,1.02240779685411,2,TRUE,"Mill Creek",FALSE,8
2015,104,10,1.02240779685416,2,TRUE,"Mill Creek",FALSE,9
2015,118,6,1.02240779685415,3,TRUE,"Mill Creek",FALSE,5
2015,118,7,1.02240779685412,4,TRUE,"Mill Creek",FALSE,6
2015,118,8,1.02240779685415,5,TRUE,"Mill Creek",FALSE,7
2015,118,9,1.02240779685411,1,TRUE,"Mill Creek",FALSE,8
2015,118,10,1.02240779685416,4,TRUE,"Mill Creek",FALSE,9
2015,132,6,1.02240779685415,1,TRUE,"Mill Creek",FALSE,5
2015,132,7,1.02240779685412,4,TRUE,"Mill Creek",FALSE,6
2015,132,8,1.02240779685415,3,TRUE,"Mill Creek",FALSE,7
2015,132,9,1.02240779685411,1,TRUE,"Mill Creek",FALSE,8
2015,132,10,1.02240779685416,4,TRUE,"Mill Creek",FALSE,9
2015,146,6,1.02240779685415,0,TRUE,"Mill Creek",FALSE,5
2015,146,7,1.02240779685412,0,TRUE,"Mill Creek",FALSE,6
2015,146,8,1.02240779685415,0,TRUE,"Mill Creek",FALSE,7
2015,146,9,1.02240779685411,0,TRUE,"Mill Creek",FALSE,8
2015,146,10,1.02240779685416,0,TRUE,"Mill Creek",FALSE,9
2015,49,12,1.02240779685415,0,TRUE,"Mill Creek",FALSE,11
2015,49,13,1.02240779685412,0,TRUE,"Mill Creek",FALSE,12
2015,49,14,1.0224077968541,0,TRUE,"Mill Creek",FALSE,13
2015,49,15,1.02240779685416,0,TRUE,"Mill Creek",FALSE,14
2015,49,16,1.02240779685414,0,TRUE,"Mill Creek",FALSE,15
2015,49,17,0.222092318506529,0,TRUE,"Mill Creek",FALSE,16
2015,62,12,1.02240779685415,0,TRUE,"Mill Creek",FALSE,11
2015,62,13,1.02240779685412,0,TRUE,"Mill Creek",FALSE,12
2015,62,14,1.0224077968541,0,TRUE,"Mill Creek",FALSE,13
2015,62,15,1.02240779685416,0,TRUE,"Mill Creek",FALSE,14
2015,62,16,1.02240779685414,0,TRUE,"Mill Creek",FALSE,15
2015,62,17,0.222092318506529,0,TRUE,"Mill Creek",FALSE,16
2015,77,12,1.02240779685415,0,TRUE,"Mill Creek",FALSE,11
2015,77,13,1.02240779685412,0,TRUE,"Mill Creek",FALSE,12
2015,77,14,1.0224077968541,0,TRUE,"Mill Creek",FALSE,13
2015,77,15,1.02240779685416,0,TRUE,"Mill Creek",FALSE,14
2015,77,16,1.02240779685414,1,TRUE,"Mill Creek",FALSE,15
2015,77,17,0.222092318506529,0,TRUE,"Mill Creek",FALSE,16
2015,85,12,1.02240779685415,2,TRUE,"Mill Creek",FALSE,11
2015,85,13,1.02240779685412,0,TRUE,"Mill Creek",FALSE,12
2015,85,14,1.0224077968541,0,TRUE,"Mill Creek",FALSE,13
2015,85,15,1.02240779685416,1,TRUE,"Mill Creek",FALSE,14
2015,85,16,1.02240779685414,0,TRUE,"Mill Creek",FALSE,15
2015,104,12,1.02240779685415,2,TRUE,"Mill Creek",FALSE,11
2015,104,13,1.02240779685412,0,TRUE,"Mill Creek",FALSE,12
2015,104,14,1.0224077968541,0,TRUE,"Mill Creek",FALSE,13
2015,104,15,1.02240779685416,1,TRUE,"Mill Creek",FALSE,14
2015,104,16,1.02240779685414,0,TRUE,"Mill Creek",FALSE,15
2015,118,12,1.02240779685415,1,TRUE,"Mill Creek",FALSE,11
2015,118,13,1.02240779685412,1,TRUE,"Mill Creek",FALSE,12
2015,118,14,1.0224077968541,0,TRUE,"Mill Creek",FALSE,13
2015,118,15,1.02240779685416,1,TRUE,"Mill Creek",FALSE,14
2015,118,16,1.02240779685414,0,TRUE,"Mill Creek",FALSE,15
2015,118,17,0.222092318506529,0,TRUE,"Mill Creek",FALSE,16
2015,132,12,1.02240779685415,0,TRUE,"Mill Creek",FALSE,11
2015,132,13,1.02240779685412,1,TRUE,"Mill Creek",FALSE,12
2015,132,14,1.0224077968541,0,TRUE,"Mill Creek",FALSE,13
2015,132,15,1.02240779685416,0,TRUE,"Mill Creek",FALSE,14
2015,132,16,1.02240779685414,0,TRUE,"Mill Creek",FALSE,15
2015,132,17,0.222092318506529,0,TRUE,"Mill Creek",FALSE,16
2015,146,12,1.02240779685415,0,TRUE,"Mill Creek",FALSE,11
2015,146,13,1.02240779685412,0,TRUE,"Mill Creek",FALSE,12
2015,146,14,1.0224077968541,0,TRUE,"Mill Creek",FALSE,13
2015,146,15,1.02240779685416,0,TRUE,"Mill Creek",FALSE,14
2015,146,16,1.02240779685414,0,TRUE,"Mill Creek",FALSE,15
2015,146,17,0.222092318506529,0,TRUE,"Mill Creek",FALSE,16
2015,85,18,1.02240779685413,0,TRUE,"Mill Creek",FALSE,17
2015,104,18,1.02240779685413,0,TRUE,"Mill Creek",FALSE,17
2015,49,20,1.03442151877225,0,TRUE,"South Fork Mill Creek",FALSE,19
2015,49,21,1.03442151877219,0,TRUE,"South Fork Mill Creek",FALSE,20
2015,49,22,1.02851343972268,0,TRUE,"South Fork Mill Creek",FALSE,21
2015,62,20,1.03442151877225,0,TRUE,"South Fork Mill Creek",FALSE,19
2015,62,21,1.03442151877219,0,TRUE,"South Fork Mill Creek",FALSE,20
2015,62,22,1.02851343972268,0,TRUE,"South Fork Mill Creek",FALSE,21
2015,77,20,1.03442151877225,0,TRUE,"South Fork Mill Creek",FALSE,19
2015,77,21,1.03442151877219,0,TRUE,"South Fork Mill Creek",FALSE,20
2015,77,22,1.02851343972268,0,TRUE,"South Fork Mill Creek",FALSE,21
2015,85,20,1.03442151877225,0,TRUE,"South Fork Mill Creek",FALSE,19
2015,85,21,1.03442151877219,0,TRUE,"South Fork Mill Creek",FALSE,20
2015,85,22,1.02851343972268,0,TRUE,"South Fork Mill Creek",FALSE,21
2015,104,20,1.03442151877225,0,TRUE,"South Fork Mill Creek",FALSE,19
2015,104,21,1.03442151877219,0,TRUE,"South Fork Mill Creek",FALSE,20
2015,104,22,1.02851343972268,0,TRUE,"South Fork Mill Creek",FALSE,21
2015,118,20,1.03442151877225,0,TRUE,"South Fork Mill Creek",FALSE,19
2015,118,21,1.03442151877219,0,TRUE,"South Fork Mill Creek",FALSE,20
2015,118,22,1.02851343972268,0,TRUE,"South Fork Mill Creek",FALSE,21
2015,131,20,1.03442151877225,0,TRUE,"South Fork Mill Creek",FALSE,19
2015,131,21,1.03442151877219,0,TRUE,"South Fork Mill Creek",FALSE,20
2015,131,22,1.02851343972268,0,TRUE,"South Fork Mill Creek",FALSE,21
2015,146,20,1.03442151877225,0,TRUE,"South Fork Mill Creek",FALSE,19
2015,146,21,1.03442151877219,0,TRUE,"South Fork Mill Creek",FALSE,20
2015,146,22,1.02851343972268,0,TRUE,"South Fork Mill Creek",FALSE,21
2016,55,1,0.751516771600208,0,TRUE,"Mill Creek",TRUE,NA
2016,55,2,1.06671045440621,0,TRUE,"Mill Creek",FALSE,1
2016,55,3,1.02240779685412,0,TRUE,"Mill Creek",FALSE,2
2016,55,4,1.02240779685412,0,TRUE,"Mill Creek",FALSE,3
2016,55,5,0.565832769254113,3,TRUE,"Mill Creek",FALSE,4
2016,62,1,0.751516771600208,0,TRUE,"Mill Creek",TRUE,NA
2016,62,2,1.06671045440621,0,TRUE,"Mill Creek",FALSE,1
2016,62,3,1.02240779685412,0,TRUE,"Mill Creek",FALSE,2
2016,62,4,1.02240779685412,0,TRUE,"Mill Creek",FALSE,3
2016,77,1,0.751516771600208,0,TRUE,"Mill Creek",TRUE,NA
2016,77,2,1.06671045440621,1,TRUE,"Mill Creek",FALSE,1
2016,77,3,1.02240779685412,0,TRUE,"Mill Creek",FALSE,2
2016,77,4,1.02240779685412,0,TRUE,"Mill Creek",FALSE,3
2016,88,1,0.751516771600208,0,TRUE,"Mill Creek",TRUE,NA
2016,88,2,1.06671045440621,2,TRUE,"Mill Creek",FALSE,1
2016,88,3,1.02240779685412,1,TRUE,"Mill Creek",FALSE,2
2016,88,4,1.02240779685412,1,TRUE,"Mill Creek",FALSE,3
2016,105,1,0.751516771600208,0,TRUE,"Mill Creek",TRUE,NA
2016,105,2,1.06671045440621,1,TRUE,"Mill Creek",FALSE,1
2016,105,3,1.02240779685412,0,TRUE,"Mill Creek",FALSE,2
2016,105,4,1.02240779685412,3,TRUE,"Mill Creek",FALSE,3
2016,117,1,0.751516771600208,0,TRUE,"Mill Creek",TRUE,NA
2016,117,2,1.06671045440621,0,TRUE,"Mill Creek",FALSE,1
2016,117,3,1.02240779685412,0,TRUE,"Mill Creek",FALSE,2
2016,117,4,1.02240779685412,2,TRUE,"Mill Creek",FALSE,3
2016,130,1,0.751516771600208,0,TRUE,"Mill Creek",TRUE,NA
2016,130,2,1.06671045440621,0,TRUE,"Mill Creek",FALSE,1
2016,130,3,1.02240779685412,0,TRUE,"Mill Creek",FALSE,2
2016,130,4,1.02240779685412,0,TRUE,"Mill Creek",FALSE,3
2016,145,1,0.751516771600208,0,TRUE,"Mill Creek",TRUE,NA
2016,145,2,1.06671045440621,0,TRUE,"Mill Creek",FALSE,1
2016,145,3,1.02240779685412,0,TRUE,"Mill Creek",FALSE,2
2016,145,4,1.02240779685412,0,TRUE,"Mill Creek",FALSE,3
2016,159,1,0.751516771600208,0,TRUE,"Mill Creek",TRUE,NA
2016,159,2,1.06671045440621,0,TRUE,"Mill Creek",FALSE,1
2016,159,3,1.02240779685412,0,TRUE,"Mill Creek",FALSE,2
2016,159,4,1.02240779685412,0,TRUE,"Mill Creek",FALSE,3
2016,54,5,0.423947234278812,0,TRUE,"Mill Creek",FALSE,4
2016,54,6,1.02240779685415,0,TRUE,"Mill Creek",FALSE,5
2016,54,7,1.02240779685412,0,TRUE,"Mill Creek",FALSE,6
2016,54,8,1.02240779685415,0,TRUE,"Mill Creek",FALSE,7
2016,54,9,1.02240779685411,0,TRUE,"Mill Creek",FALSE,8
2016,54,10,1.02240779685416,0,TRUE,"Mill Creek",FALSE,9
2016,62,6,1.02240779685415,0,TRUE,"Mill Creek",FALSE,5
2016,62,7,1.02240779685412,0,TRUE,"Mill Creek",FALSE,6
2016,62,8,1.02240779685415,0,TRUE,"Mill Creek",FALSE,7
2016,62,9,1.02240779685411,0,TRUE,"Mill Creek",FALSE,8
2016,62,10,1.02240779685416,0,TRUE,"Mill Creek",FALSE,9
2016,77,6,1.02240779685415,0,TRUE,"Mill Creek",FALSE,5
2016,77,7,1.02240779685412,0,TRUE,"Mill Creek",FALSE,6
2016,77,8,1.02240779685415,0,TRUE,"Mill Creek",FALSE,7
2016,77,9,1.02240779685411,0,TRUE,"Mill Creek",FALSE,8
2016,77,10,1.02240779685416,0,TRUE,"Mill Creek",FALSE,9
2016,88,6,1.02240779685415,0,TRUE,"Mill Creek",FALSE,5
2016,88,7,1.02240779685412,2,TRUE,"Mill Creek",FALSE,6
2016,88,8,1.02240779685415,0,TRUE,"Mill Creek",FALSE,7
2016,88,9,1.02240779685411,0,TRUE,"Mill Creek",FALSE,8
2016,88,10,1.02240779685416,0,TRUE,"Mill Creek",FALSE,9
2016,105,6,1.02240779685415,3,TRUE,"Mill Creek",FALSE,5
2016,105,7,1.02240779685412,3,TRUE,"Mill Creek",FALSE,6
2016,105,8,1.02240779685415,4,TRUE,"Mill Creek",FALSE,7
2016,105,9,1.02240779685411,2,TRUE,"Mill Creek",FALSE,8
2016,105,10,1.02240779685416,3,TRUE,"Mill Creek",FALSE,9
2016,117,6,1.02240779685415,3,TRUE,"Mill Creek",FALSE,5
2016,117,7,1.02240779685412,2,TRUE,"Mill Creek",FALSE,6
2016,117,8,1.02240779685415,3,TRUE,"Mill Creek",FALSE,7
2016,117,9,1.02240779685411,2,TRUE,"Mill Creek",FALSE,8
2016,117,10,1.02240779685416,4,TRUE,"Mill Creek",FALSE,9
2016,130,6,1.02240779685415,3,TRUE,"Mill Creek",FALSE,5
2016,130,7,1.02240779685412,2,TRUE,"Mill Creek",FALSE,6
2016,130,8,1.02240779685415,3,TRUE,"Mill Creek",FALSE,7
2016,130,9,1.02240779685411,3,TRUE,"Mill Creek",FALSE,8
2016,130,10,1.02240779685416,3,TRUE,"Mill Creek",FALSE,9
2016,145,6,1.02240779685415,2,TRUE,"Mill Creek",FALSE,5
2016,145,7,1.02240779685412,0,TRUE,"Mill Creek",FALSE,6
2016,145,8,1.02240779685415,2,TRUE,"Mill Creek",FALSE,7
2016,145,9,1.02240779685411,1,TRUE,"Mill Creek",FALSE,8
2016,145,10,1.02240779685416,0,TRUE,"Mill Creek",FALSE,9
2016,159,6,1.02240779685415,0,TRUE,"Mill Creek",FALSE,5
2016,159,7,1.02240779685412,0,TRUE,"Mill Creek",FALSE,6
2016,159,8,1.02240779685415,0,TRUE,"Mill Creek",FALSE,7
2016,159,9,1.02240779685411,0,TRUE,"Mill Creek",FALSE,8
2016,159,10,1.02240779685416,0,TRUE,"Mill Creek",FALSE,9
2016,54,12,1.02240779685415,0,TRUE,"Mill Creek",FALSE,11
2016,54,13,1.02240779685412,0,TRUE,"Mill Creek",FALSE,12
2016,54,14,1.0224077968541,0,TRUE,"Mill Creek",FALSE,13
2016,54,15,1.02240779685416,0,TRUE,"Mill Creek",FALSE,14
2016,54,16,1.02240779685414,0,TRUE,"Mill Creek",FALSE,15
2016,54,17,0.222092318506529,0,TRUE,"Mill Creek",FALSE,16
2016,62,12,1.02240779685415,0,TRUE,"Mill Creek",FALSE,11
2016,62,13,1.02240779685412,0,TRUE,"Mill Creek",FALSE,12
2016,62,14,1.0224077968541,0,TRUE,"Mill Creek",FALSE,13
2016,62,15,1.02240779685416,0,TRUE,"Mill Creek",FALSE,14
2016,62,16,1.02240779685414,0,TRUE,"Mill Creek",FALSE,15
2016,62,17,0.222092318506529,0,TRUE,"Mill Creek",FALSE,16
2016,77,12,1.02240779685415,0,TRUE,"Mill Creek",FALSE,11
2016,77,13,1.02240779685412,0,TRUE,"Mill Creek",FALSE,12
2016,77,14,1.0224077968541,0,TRUE,"Mill Creek",FALSE,13
2016,77,15,1.02240779685416,0,TRUE,"Mill Creek",FALSE,14
2016,77,16,1.02240779685414,0,TRUE,"Mill Creek",FALSE,15
2016,77,17,0.222092318506529,0,TRUE,"Mill Creek",FALSE,16
2016,88,12,1.02240779685415,0,TRUE,"Mill Creek",FALSE,11
2016,88,13,1.02240779685412,0,TRUE,"Mill Creek",FALSE,12
2016,88,14,1.0224077968541,0,TRUE,"Mill Creek",FALSE,13
2016,88,15,1.02240779685416,0,TRUE,"Mill Creek",FALSE,14
2016,88,16,1.02240779685414,0,TRUE,"Mill Creek",FALSE,15
2016,88,17,0.222092318506529,0,TRUE,"Mill Creek",FALSE,16
2016,105,12,1.02240779685415,2,TRUE,"Mill Creek",FALSE,11
2016,105,13,1.02240779685412,0,TRUE,"Mill Creek",FALSE,12
2016,105,14,1.0224077968541,0,TRUE,"Mill Creek",FALSE,13
2016,105,15,1.02240779685416,0,TRUE,"Mill Creek",FALSE,14
2016,105,16,1.02240779685414,0,TRUE,"Mill Creek",FALSE,15
2016,117,12,1.02240779685415,2,TRUE,"Mill Creek",FALSE,11
2016,117,13,1.02240779685412,0,TRUE,"Mill Creek",FALSE,12
2016,117,14,1.0224077968541,0,TRUE,"Mill Creek",FALSE,13
2016,117,15,1.02240779685416,0,TRUE,"Mill Creek",FALSE,14
2016,117,16,1.02240779685414,0,TRUE,"Mill Creek",FALSE,15
2016,117,17,0.222092318506529,0,TRUE,"Mill Creek",FALSE,16
2016,130,12,1.02240779685415,1,TRUE,"Mill Creek",FALSE,11
2016,130,13,1.02240779685412,0,TRUE,"Mill Creek",FALSE,12
2016,130,14,1.0224077968541,0,TRUE,"Mill Creek",FALSE,13
2016,130,15,1.02240779685416,0,TRUE,"Mill Creek",FALSE,14
2016,130,16,1.02240779685414,0,TRUE,"Mill Creek",FALSE,15
2016,130,17,0.222092318506529,0,TRUE,"Mill Creek",FALSE,16
2016,145,12,1.02240779685415,0,TRUE,"Mill Creek",FALSE,11
2016,145,13,1.02240779685412,0,TRUE,"Mill Creek",FALSE,12
2016,145,14,1.0224077968541,0,TRUE,"Mill Creek",FALSE,13
2016,145,15,1.02240779685416,0,TRUE,"Mill Creek",FALSE,14
2016,145,16,1.02240779685414,0,TRUE,"Mill Creek",FALSE,15
2016,145,17,0.222092318506529,0,TRUE,"Mill Creek",FALSE,16
2016,159,12,1.02240779685415,0,TRUE,"Mill Creek",FALSE,11
2016,159,13,1.02240779685412,0,TRUE,"Mill Creek",FALSE,12
2016,159,14,1.0224077968541,0,TRUE,"Mill Creek",FALSE,13
2016,159,15,1.02240779685416,0,TRUE,"Mill Creek",FALSE,14
2016,159,16,1.02240779685414,0,TRUE,"Mill Creek",FALSE,15
2016,159,17,0.222092318506529,0,TRUE,"Mill Creek",FALSE,16
2016,105,18,1.02240779685413,0,TRUE,"Mill Creek",FALSE,17
2016,55,20,1.03442151877225,0,TRUE,"South Fork Mill Creek",FALSE,19
2016,55,21,1.03442151877219,0,TRUE,"South Fork Mill Creek",FALSE,20
2016,55,22,1.02851343972268,0,TRUE,"South Fork Mill Creek",FALSE,21
2016,62,20,1.03442151877225,0,TRUE,"South Fork Mill Creek",FALSE,19
2016,62,21,1.03442151877219,0,TRUE,"South Fork Mill Creek",FALSE,20
2016,62,22,1.02851343972268,0,TRUE,"South Fork Mill Creek",FALSE,21
2016,77,20,1.03442151877225,1,TRUE,"South Fork Mill Creek",FALSE,19
2016,77,21,1.03442151877219,0,TRUE,"South Fork Mill Creek",FALSE,20
2016,77,22,1.02851343972268,1,TRUE,"South Fork Mill Creek",FALSE,21
2016,88,20,1.03442151877225,0,TRUE,"South Fork Mill Creek",FALSE,19
2016,88,21,1.03442151877219,0,TRUE,"South Fork Mill Creek",FALSE,20
2016,88,22,1.02851343972268,0,TRUE,"South Fork Mill Creek",FALSE,21
2016,105,20,1.03442151877225,0,TRUE,"South Fork Mill Creek",FALSE,19
2016,105,21,1.03442151877219,0,TRUE,"South Fork Mill Creek",FALSE,20
2016,105,22,1.02851343972268,0,TRUE,"South Fork Mill Creek",FALSE,21
2016,117,20,1.03442151877225,0,TRUE,"South Fork Mill Creek",FALSE,19
2016,117,21,1.03442151877219,0,TRUE,"South Fork Mill Creek",FALSE,20
2016,117,22,1.02851343972268,0,TRUE,"South Fork Mill Creek",FALSE,21
2016,130,20,1.03442151877225,0,TRUE,"South Fork Mill Creek",FALSE,19
2016,130,21,1.03442151877219,0,TRUE,"South Fork Mill Creek",FALSE,20
2016,130,22,1.02851343972268,0,TRUE,"South Fork Mill Creek",FALSE,21
2016,144,20,1.03442151877225,0,TRUE,"South Fork Mill Creek",FALSE,19
2016,144,21,1.03442151877219,0,TRUE,"South Fork Mill Creek",FALSE,20
2016,144,22,1.02851343972268,0,TRUE,"South Fork Mill Creek",FALSE,21
2016,159,20,1.03442151877225,0,TRUE,"South Fork Mill Creek",FALSE,19
2016,159,21,1.03442151877219,0,TRUE,"South Fork Mill Creek",FALSE,20
2016,159,22,1.02851343972268,0,TRUE,"South Fork Mill Creek",FALSE,21
2017,52,1,0.751516771600208,0,TRUE,"Mill Creek",TRUE,NA
2017,52,2,1.06671045440621,0,TRUE,"Mill Creek",FALSE,1
2017,52,3,1.02240779685412,0,TRUE,"Mill Creek",FALSE,2
2017,52,4,1.02240779685412,0,TRUE,"Mill Creek",FALSE,3
2017,60,1,0.751516771600208,0,TRUE,"Mill Creek",TRUE,NA
2017,60,2,1.06671045440621,0,TRUE,"Mill Creek",FALSE,1
2017,60,3,1.02240779685412,0,TRUE,"Mill Creek",FALSE,2
2017,60,4,1.02240779685412,0,TRUE,"Mill Creek",FALSE,3
2017,80,1,0.751516771600208,0,TRUE,"Mill Creek",TRUE,NA
2017,80,2,1.06671045440621,0,TRUE,"Mill Creek",FALSE,1
2017,80,3,1.02240779685412,1,TRUE,"Mill Creek",FALSE,2
2017,80,4,1.02240779685412,0,TRUE,"Mill Creek",FALSE,3
2017,95,1,0.751516771600208,0,TRUE,"Mill Creek",TRUE,NA
2017,95,2,1.06671045440621,0,TRUE,"Mill Creek",FALSE,1
2017,95,3,1.02240779685412,0,TRUE,"Mill Creek",FALSE,2
2017,95,4,1.02240779685412,1,TRUE,"Mill Creek",FALSE,3
2017,107,1,0.751516771600208,1,TRUE,"Mill Creek",TRUE,NA
2017,107,2,1.06671045440621,0,TRUE,"Mill Creek",FALSE,1
2017,107,3,1.02240779685412,0,TRUE,"Mill Creek",FALSE,2
2017,107,4,1.02240779685412,2,TRUE,"Mill Creek",FALSE,3
2017,121,1,0.751516771600208,0,TRUE,"Mill Creek",TRUE,NA
2017,121,2,1.06671045440621,0,TRUE,"Mill Creek",FALSE,1
2017,121,3,1.02240779685412,0,TRUE,"Mill Creek",FALSE,2
2017,121,4,1.02240779685412,0,TRUE,"Mill Creek",FALSE,3
2017,142,1,0.751516771600208,0,TRUE,"Mill Creek",TRUE,NA
2017,142,2,1.06671045440621,0,TRUE,"Mill Creek",FALSE,1
2017,142,3,1.02240779685412,0,TRUE,"Mill Creek",FALSE,2
2017,142,4,1.02240779685412,0,TRUE,"Mill Creek",FALSE,3
2017,156,1,0.751516771600208,0,TRUE,"Mill Creek",TRUE,NA
2017,156,2,1.06671045440621,0,TRUE,"Mill Creek",FALSE,1
2017,156,3,1.02240779685412,0,TRUE,"Mill Creek",FALSE,2
2017,156,4,1.02240779685412,0,TRUE,"Mill Creek",FALSE,3
2017,52,6,1.02240779685415,0,TRUE,"Mill Creek",FALSE,5
2017,52,7,1.02240779685412,0,TRUE,"Mill Creek",FALSE,6
2017,52,8,1.02240779685415,0,TRUE,"Mill Creek",FALSE,7
2017,52,9,1.02240779685411,0,TRUE,"Mill Creek",FALSE,8
2017,52,10,1.02240779685416,0,TRUE,"Mill Creek",FALSE,9
2017,60,6,1.02240779685415,0,TRUE,"Mill Creek",FALSE,5
2017,60,7,1.02240779685412,0,TRUE,"Mill Creek",FALSE,6
2017,60,8,1.02240779685415,0,TRUE,"Mill Creek",FALSE,7
2017,60,9,1.02240779685411,0,TRUE,"Mill Creek",FALSE,8
2017,60,10,1.02240779685416,0,TRUE,"Mill Creek",FALSE,9
2017,80,6,1.02240779685415,0,TRUE,"Mill Creek",FALSE,5
2017,80,7,1.02240779685412,0,TRUE,"Mill Creek",FALSE,6
2017,80,8,1.02240779685415,0,TRUE,"Mill Creek",FALSE,7
2017,80,9,1.02240779685411,0,TRUE,"Mill Creek",FALSE,8
2017,80,10,1.02240779685416,1,TRUE,"Mill Creek",FALSE,9
2017,95,6,1.02240779685415,0,TRUE,"Mill Creek",FALSE,5
2017,95,7,1.02240779685412,1,TRUE,"Mill Creek",FALSE,6
2017,95,8,1.02240779685415,1,TRUE,"Mill Creek",FALSE,7
2017,95,9,1.02240779685411,0,TRUE,"Mill Creek",FALSE,8
2017,95,10,1.02240779685416,0,TRUE,"Mill Creek",FALSE,9
2017,107,6,1.02240779685415,0,TRUE,"Mill Creek",FALSE,5
2017,107,7,1.02240779685412,1,TRUE,"Mill Creek",FALSE,6
2017,107,8,1.02240779685415,1,TRUE,"Mill Creek",FALSE,7
2017,107,9,1.02240779685411,1,TRUE,"Mill Creek",FALSE,8
2017,107,10,1.02240779685416,1,TRUE,"Mill Creek",FALSE,9
2017,121,6,1.02240779685415,0,TRUE,"Mill Creek",FALSE,5
2017,121,7,1.02240779685412,1,TRUE,"Mill Creek",FALSE,6
2017,121,8,1.02240779685415,0,TRUE,"Mill Creek",FALSE,7
2017,121,9,1.02240779685411,1,TRUE,"Mill Creek",FALSE,8
2017,121,10,1.02240779685416,0,TRUE,"Mill Creek",FALSE,9
2017,142,6,1.02240779685415,0,TRUE,"Mill Creek",FALSE,5
2017,142,7,1.02240779685412,0,TRUE,"Mill Creek",FALSE,6
2017,142,8,1.02240779685415,0,TRUE,"Mill Creek",FALSE,7
2017,142,9,1.02240779685411,0,TRUE,"Mill Creek",FALSE,8
2017,142,10,1.02240779685416,0,TRUE,"Mill Creek",FALSE,9
2017,156,6,1.02240779685415,0,TRUE,"Mill Creek",FALSE,5
2017,156,7,1.02240779685412,0,TRUE,"Mill Creek",FALSE,6
2017,156,8,1.02240779685415,0,TRUE,"Mill Creek",FALSE,7
2017,156,9,1.02240779685411,0,TRUE,"Mill Creek",FALSE,8
2017,156,10,1.02240779685416,0,TRUE,"Mill Creek",FALSE,9
2017,52,12,1.02240779685415,0,TRUE,"Mill Creek",FALSE,11
2017,52,13,1.02240779685412,0,TRUE,"Mill Creek",FALSE,12
2017,52,14,1.0224077968541,0,TRUE,"Mill Creek",FALSE,13
2017,52,15,1.02240779685416,0,TRUE,"Mill Creek",FALSE,14
2017,52,16,1.02240779685414,0,TRUE,"Mill Creek",FALSE,15
2017,52,17,0.222092318506529,0,TRUE,"Mill Creek",FALSE,16
2017,60,12,1.02240779685415,1,TRUE,"Mill Creek",FALSE,11
2017,60,13,1.02240779685412,0,TRUE,"Mill Creek",FALSE,12
2017,60,14,1.0224077968541,0,TRUE,"Mill Creek",FALSE,13
2017,60,15,1.02240779685416,0,TRUE,"Mill Creek",FALSE,14
2017,60,16,1.02240779685414,0,TRUE,"Mill Creek",FALSE,15
2017,60,17,0.222092318506529,0,TRUE,"Mill Creek",FALSE,16
2017,80,12,1.02240779685415,1,TRUE,"Mill Creek",FALSE,11
2017,80,13,1.02240779685412,0,TRUE,"Mill Creek",FALSE,12
2017,80,14,1.0224077968541,0,TRUE,"Mill Creek",FALSE,13
2017,80,15,1.02240779685416,0,TRUE,"Mill Creek",FALSE,14
2017,80,16,1.02240779685414,0,TRUE,"Mill Creek",FALSE,15
2017,80,17,0.222092318506529,0,TRUE,"Mill Creek",FALSE,16
2017,95,12,1.02240779685415,0,TRUE,"Mill Creek",FALSE,11
2017,95,13,1.02240779685412,0,TRUE,"Mill Creek",FALSE,12
2017,95,14,1.0224077968541,0,TRUE,"Mill Creek",FALSE,13
2017,95,15,1.02240779685416,0,TRUE,"Mill Creek",FALSE,14
2017,95,16,1.02240779685414,0,TRUE,"Mill Creek",FALSE,15
2017,95,17,0.222092318506529,0,TRUE,"Mill Creek",FALSE,16
2017,107,12,1.02240779685415,1,TRUE,"Mill Creek",FALSE,11
2017,107,13,1.02240779685412,0,TRUE,"Mill Creek",FALSE,12
2017,107,14,1.0224077968541,0,TRUE,"Mill Creek",FALSE,13
2017,107,15,1.02240779685416,0,TRUE,"Mill Creek",FALSE,14
2017,107,16,1.02240779685414,0,TRUE,"Mill Creek",FALSE,15
2017,121,12,1.02240779685415,1,TRUE,"Mill Creek",FALSE,11
2017,121,13,1.02240779685412,0,TRUE,"Mill Creek",FALSE,12
2017,121,14,1.0224077968541,0,TRUE,"Mill Creek",FALSE,13
2017,121,15,1.02240779685416,0,TRUE,"Mill Creek",FALSE,14
2017,121,16,1.02240779685414,0,TRUE,"Mill Creek",FALSE,15
2017,142,12,1.02240779685415,0,TRUE,"Mill Creek",FALSE,11
2017,142,13,1.02240779685412,0,TRUE,"Mill Creek",FALSE,12
2017,142,14,1.0224077968541,0,TRUE,"Mill Creek",FALSE,13
2017,142,15,1.02240779685416,0,TRUE,"Mill Creek",FALSE,14
2017,142,16,1.02240779685414,0,TRUE,"Mill Creek",FALSE,15
2017,142,17,0.222092318506529,0,TRUE,"Mill Creek",FALSE,16
2017,156,12,1.02240779685415,0,TRUE,"Mill Creek",FALSE,11
2017,156,13,1.02240779685412,0,TRUE,"Mill Creek",FALSE,12
2017,156,14,1.0224077968541,0,TRUE,"Mill Creek",FALSE,13
2017,156,15,1.02240779685416,0,TRUE,"Mill Creek",FALSE,14
2017,156,16,1.02240779685414,0,TRUE,"Mill Creek",FALSE,15
2017,156,17,0.222092318506529,0,TRUE,"Mill Creek",FALSE,16
2017,107,18,1.02240779685413,1,TRUE,"Mill Creek",FALSE,17
2017,121,18,1.02240779685413,0,TRUE,"Mill Creek",FALSE,17
2017,45,20,1.03442151877225,0,TRUE,"South Fork Mill Creek",FALSE,19
2017,45,21,1.03442151877219,0,TRUE,"South Fork Mill Creek",FALSE,20
2017,45,22,1.02851343972268,0,TRUE,"South Fork Mill Creek",FALSE,21
2017,60,20,1.03442151877225,0,TRUE,"South Fork Mill Creek",FALSE,19
2017,60,21,1.03442151877219,0,TRUE,"South Fork Mill Creek",FALSE,20
2017,60,22,1.02851343972268,0,TRUE,"South Fork Mill Creek",FALSE,21
2017,80,20,1.03442151877225,0,TRUE,"South Fork Mill Creek",FALSE,19
2017,80,21,1.03442151877219,0,TRUE,"South Fork Mill Creek",FALSE,20
2017,80,22,1.02851343972268,0,TRUE,"South Fork Mill Creek",FALSE,21
2017,95,20,1.03442151877225,0,TRUE,"South Fork Mill Creek",FALSE,19
2017,95,21,1.03442151877219,0,TRUE,"South Fork Mill Creek",FALSE,20
2017,95,22,1.02851343972268,0,TRUE,"South Fork Mill Creek",FALSE,21
2017,107,20,1.03442151877225,0,TRUE,"South Fork Mill Creek",FALSE,19
2017,107,21,1.03442151877219,0,TRUE,"South Fork Mill Creek",FALSE,20
2017,107,22,1.02851343972268,0,TRUE,"South Fork Mill Creek",FALSE,21
2017,121,20,1.03442151877225,0,TRUE,"South Fork Mill Creek",FALSE,19
2017,121,21,1.03442151877219,0,TRUE,"South Fork Mill Creek",FALSE,20
2017,121,22,1.02851343972268,0,TRUE,"South Fork Mill Creek",FALSE,21
2017,142,20,1.03442151877225,0,TRUE,"South Fork Mill Creek",FALSE,19
2017,142,21,1.03442151877219,0,TRUE,"South Fork Mill Creek",FALSE,20
2017,142,22,1.02851343972268,0,TRUE,"South Fork Mill Creek",FALSE,21
2017,156,20,1.03442151877225,0,TRUE,"South Fork Mill Creek",FALSE,19
2017,156,21,1.03442151877219,0,TRUE,"South Fork Mill Creek",FALSE,20
2017,156,22,1.02851343972268,0,TRUE,"South Fork Mill Creek",FALSE,21
2018,46,1,0.751516771600208,0,TRUE,"Mill Creek",TRUE,NA
2018,46,2,1.06671045440621,0,TRUE,"Mill Creek",FALSE,1
2018,46,3,1.02240779685412,0,TRUE,"Mill Creek",FALSE,2
2018,46,4,1.02240779685412,0,TRUE,"Mill Creek",FALSE,3
2018,57,1,0.751516771600208,0,TRUE,"Mill Creek",TRUE,NA
2018,57,2,1.06671045440621,0,TRUE,"Mill Creek",FALSE,1
2018,57,3,1.02240779685412,0,TRUE,"Mill Creek",FALSE,2
2018,57,4,1.02240779685412,0,TRUE,"Mill Creek",FALSE,3
2018,71,1,0.751516771600208,0,TRUE,"Mill Creek",TRUE,NA
2018,71,2,1.06671045440621,1,TRUE,"Mill Creek",FALSE,1
2018,71,3,1.02240779685412,0,TRUE,"Mill Creek",FALSE,2
2018,71,4,1.02240779685412,0,TRUE,"Mill Creek",FALSE,3
2018,85,1,0.751516771600208,0,TRUE,"Mill Creek",TRUE,NA
2018,85,2,1.06671045440621,2,TRUE,"Mill Creek",FALSE,1
2018,85,3,1.02240779685412,2,TRUE,"Mill Creek",FALSE,2
2018,85,4,1.02240779685412,1,TRUE,"Mill Creek",FALSE,3
2018,101,1,0.751516771600208,0,TRUE,"Mill Creek",TRUE,NA
2018,101,2,1.06671045440621,0,TRUE,"Mill Creek",FALSE,1
2018,101,3,1.02240779685412,1,TRUE,"Mill Creek",FALSE,2
2018,101,4,1.02240779685412,0,TRUE,"Mill Creek",FALSE,3
2018,113,1,0.751516771600208,0,TRUE,"Mill Creek",TRUE,NA
2018,113,2,1.06671045440621,0,TRUE,"Mill Creek",FALSE,1
2018,113,3,1.02240779685412,0,TRUE,"Mill Creek",FALSE,2
2018,113,4,1.02240779685412,0,TRUE,"Mill Creek",FALSE,3
2018,128,1,0.751516771600208,0,TRUE,"Mill Creek",TRUE,NA
2018,128,2,1.06671045440621,0,TRUE,"Mill Creek",FALSE,1
2018,128,3,1.02240779685412,0,TRUE,"Mill Creek",FALSE,2
2018,128,4,1.02240779685412,0,TRUE,"Mill Creek",FALSE,3
2018,142,1,0.751516771600208,0,TRUE,"Mill Creek",TRUE,NA
2018,142,2,1.06671045440621,0,TRUE,"Mill Creek",FALSE,1
2018,142,3,1.02240779685412,0,TRUE,"Mill Creek",FALSE,2
2018,142,4,1.02240779685412,0,TRUE,"Mill Creek",FALSE,3
2018,156,1,0.751516771600208,0,TRUE,"Mill Creek",TRUE,NA
2018,156,2,1.06671045440621,0,TRUE,"Mill Creek",FALSE,1
2018,156,3,1.02240779685412,0,TRUE,"Mill Creek",FALSE,2
2018,156,4,1.02240779685412,0,TRUE,"Mill Creek",FALSE,3
2018,46,6,1.02240779685415,0,TRUE,"Mill Creek",FALSE,5
2018,46,7,1.02240779685412,0,TRUE,"Mill Creek",FALSE,6
2018,46,8,1.02240779685415,0,TRUE,"Mill Creek",FALSE,7
2018,46,9,1.02240779685411,0,TRUE,"Mill Creek",FALSE,8
2018,46,10,1.02240779685416,0,TRUE,"Mill Creek",FALSE,9
2018,57,6,1.02240779685415,0,TRUE,"Mill Creek",FALSE,5
2018,57,7,1.02240779685412,0,TRUE,"Mill Creek",FALSE,6
2018,57,8,1.02240779685415,0,TRUE,"Mill Creek",FALSE,7
2018,57,9,1.02240779685411,0,TRUE,"Mill Creek",FALSE,8
2018,57,10,1.02240779685416,0,TRUE,"Mill Creek",FALSE,9
2018,71,6,1.02240779685415,0,TRUE,"Mill Creek",FALSE,5
2018,71,7,1.02240779685412,0,TRUE,"Mill Creek",FALSE,6
2018,71,8,1.02240779685415,0,TRUE,"Mill Creek",FALSE,7
2018,71,9,1.02240779685411,0,TRUE,"Mill Creek",FALSE,8
2018,71,10,1.02240779685416,0,TRUE,"Mill Creek",FALSE,9
2018,85,6,1.02240779685415,0,TRUE,"Mill Creek",FALSE,5
2018,85,7,1.02240779685412,0,TRUE,"Mill Creek",FALSE,6
2018,85,8,1.02240779685415,0,TRUE,"Mill Creek",FALSE,7
2018,85,9,1.02240779685411,0,TRUE,"Mill Creek",FALSE,8
2018,85,10,1.02240779685416,0,TRUE,"Mill Creek",FALSE,9
2018,101,6,1.02240779685415,0,TRUE,"Mill Creek",FALSE,5
2018,101,7,1.02240779685412,0,TRUE,"Mill Creek",FALSE,6
2018,101,8,1.02240779685415,0,TRUE,"Mill Creek",FALSE,7
2018,101,9,1.02240779685411,0,TRUE,"Mill Creek",FALSE,8
2018,101,10,1.02240779685416,0,TRUE,"Mill Creek",FALSE,9
2018,113,6,1.02240779685415,0,TRUE,"Mill Creek",FALSE,5
2018,113,7,1.02240779685412,1,TRUE,"Mill Creek",FALSE,6
2018,113,8,1.02240779685415,0,TRUE,"Mill Creek",FALSE,7
2018,113,9,1.02240779685411,2,TRUE,"Mill Creek",FALSE,8
2018,113,10,1.02240779685416,0,TRUE,"Mill Creek",FALSE,9
2018,128,6,1.02240779685415,0,TRUE,"Mill Creek",FALSE,5
2018,128,7,1.02240779685412,0,TRUE,"Mill Creek",FALSE,6
2018,128,8,1.02240779685415,0,TRUE,"Mill Creek",FALSE,7
2018,128,9,1.02240779685411,0,TRUE,"Mill Creek",FALSE,8
2018,128,10,1.02240779685416,0,TRUE,"Mill Creek",FALSE,9
2018,142,6,1.02240779685415,0,TRUE,"Mill Creek",FALSE,5
2018,142,7,1.02240779685412,0,TRUE,"Mill Creek",FALSE,6
2018,142,8,1.02240779685415,0,TRUE,"Mill Creek",FALSE,7
2018,142,9,1.02240779685411,0,TRUE,"Mill Creek",FALSE,8
2018,142,10,1.02240779685416,0,TRUE,"Mill Creek",FALSE,9
2018,156,6,1.02240779685415,0,TRUE,"Mill Creek",FALSE,5
2018,156,7,1.02240779685412,0,TRUE,"Mill Creek",FALSE,6
2018,156,8,1.02240779685415,0,TRUE,"Mill Creek",FALSE,7
2018,156,9,1.02240779685411,0,TRUE,"Mill Creek",FALSE,8
2018,156,10,1.02240779685416,0,TRUE,"Mill Creek",FALSE,9
2018,46,12,1.02240779685415,0,TRUE,"Mill Creek",FALSE,11
2018,46,13,1.02240779685412,0,TRUE,"Mill Creek",FALSE,12
2018,46,14,1.0224077968541,0,TRUE,"Mill Creek",FALSE,13
2018,46,15,1.02240779685416,0,TRUE,"Mill Creek",FALSE,14
2018,46,16,1.02240779685414,0,TRUE,"Mill Creek",FALSE,15
2018,46,17,0.222092318506529,0,TRUE,"Mill Creek",FALSE,16
2018,57,12,1.02240779685415,0,TRUE,"Mill Creek",FALSE,11
2018,57,13,1.02240779685412,0,TRUE,"Mill Creek",FALSE,12
2018,57,14,1.0224077968541,0,TRUE,"Mill Creek",FALSE,13
2018,57,15,1.02240779685416,0,TRUE,"Mill Creek",FALSE,14
2018,57,16,1.02240779685414,0,TRUE,"Mill Creek",FALSE,15
2018,57,17,0.222092318506529,0,TRUE,"Mill Creek",FALSE,16
2018,71,12,1.02240779685415,0,TRUE,"Mill Creek",FALSE,11
2018,71,13,1.02240779685412,0,TRUE,"Mill Creek",FALSE,12
2018,71,14,1.0224077968541,0,TRUE,"Mill Creek",FALSE,13
2018,71,15,1.02240779685416,0,TRUE,"Mill Creek",FALSE,14
2018,71,16,1.02240779685414,0,TRUE,"Mill Creek",FALSE,15
2018,71,17,0.222092318506529,0,TRUE,"Mill Creek",FALSE,16
2018,85,12,1.02240779685415,0,TRUE,"Mill Creek",FALSE,11
2018,85,13,1.02240779685412,0,TRUE,"Mill Creek",FALSE,12
2018,85,14,1.0224077968541,0,TRUE,"Mill Creek",FALSE,13
2018,85,15,1.02240779685416,0,TRUE,"Mill Creek",FALSE,14
2018,85,16,1.02240779685414,0,TRUE,"Mill Creek",FALSE,15
2018,85,17,0.222092318506529,0,TRUE,"Mill Creek",FALSE,16
2018,101,12,1.02240779685415,0,TRUE,"Mill Creek",FALSE,11
2018,101,13,1.02240779685412,0,TRUE,"Mill Creek",FALSE,12
2018,101,14,1.0224077968541,0,TRUE,"Mill Creek",FALSE,13
2018,101,15,1.02240779685416,0,TRUE,"Mill Creek",FALSE,14
2018,101,16,1.02240779685414,0,TRUE,"Mill Creek",FALSE,15
2018,101,17,0.222092318506529,0,TRUE,"Mill Creek",FALSE,16
2018,113,12,1.02240779685415,0,TRUE,"Mill Creek",FALSE,11
2018,113,13,1.02240779685412,0,TRUE,"Mill Creek",FALSE,12
2018,113,14,1.0224077968541,0,TRUE,"Mill Creek",FALSE,13
2018,113,15,1.02240779685416,1,TRUE,"Mill Creek",FALSE,14
2018,113,16,1.02240779685414,0,TRUE,"Mill Creek",FALSE,15
2018,113,17,0.222092318506529,0,TRUE,"Mill Creek",FALSE,16
2018,128,12,1.02240779685415,0,TRUE,"Mill Creek",FALSE,11
2018,128,13,1.02240779685412,0,TRUE,"Mill Creek",FALSE,12
2018,128,14,1.0224077968541,0,TRUE,"Mill Creek",FALSE,13
2018,128,15,1.02240779685416,0,TRUE,"Mill Creek",FALSE,14
2018,128,16,1.02240779685414,0,TRUE,"Mill Creek",FALSE,15
2018,128,17,0.222092318506529,0,TRUE,"Mill Creek",FALSE,16
2018,142,12,1.02240779685415,0,TRUE,"Mill Creek",FALSE,11
2018,142,13,1.02240779685412,0,TRUE,"Mill Creek",FALSE,12
2018,142,14,1.0224077968541,0,TRUE,"Mill Creek",FALSE,13
2018,142,15,1.02240779685416,0,TRUE,"Mill Creek",FALSE,14
2018,142,16,1.02240779685414,0,TRUE,"Mill Creek",FALSE,15
2018,142,17,0.222092318506529,0,TRUE,"Mill Creek",FALSE,16
2018,156,12,1.02240779685415,0,TRUE,"Mill Creek",FALSE,11
2018,156,13,1.02240779685412,0,TRUE,"Mill Creek",FALSE,12
2018,156,14,1.0224077968541,0,TRUE,"Mill Creek",FALSE,13
2018,156,15,1.02240779685416,0,TRUE,"Mill Creek",FALSE,14
2018,156,16,1.02240779685414,0,TRUE,"Mill Creek",FALSE,15
2018,156,17,0.222092318506529,0,TRUE,"Mill Creek",FALSE,16
2018,57,20,1.03442151877225,0,TRUE,"South Fork Mill Creek",FALSE,19
2018,57,21,1.03442151877219,0,TRUE,"South Fork Mill Creek",FALSE,20
2018,57,22,1.02851343972268,0,TRUE,"South Fork Mill Creek",FALSE,21
2018,71,20,1.03442151877225,0,TRUE,"South Fork Mill Creek",FALSE,19
2018,71,21,1.03442151877219,0,TRUE,"South Fork Mill Creek",FALSE,20
2018,71,22,1.02851343972268,0,TRUE,"South Fork Mill Creek",FALSE,21
2018,85,20,1.03442151877225,1,TRUE,"South Fork Mill Creek",FALSE,19
2018,85,21,1.03442151877219,0,TRUE,"South Fork Mill Creek",FALSE,20
2018,85,22,1.02851343972268,0,TRUE,"South Fork Mill Creek",FALSE,21
2018,101,20,1.03442151877225,1,TRUE,"South Fork Mill Creek",FALSE,19
2018,101,21,1.03442151877219,0,TRUE,"South Fork Mill Creek",FALSE,20
2018,101,22,1.02851343972268,0,TRUE,"South Fork Mill Creek",FALSE,21
2018,113,20,1.03442151877225,1,TRUE,"South Fork Mill Creek",FALSE,19
2018,113,21,1.03442151877219,0,TRUE,"South Fork Mill Creek",FALSE,20
2018,113,22,1.02851343972268,0,TRUE,"South Fork Mill Creek",FALSE,21
2018,128,20,1.03442151877225,0,TRUE,"South Fork Mill Creek",FALSE,19
2018,128,21,1.03442151877219,0,TRUE,"South Fork Mill Creek",FALSE,20
2018,128,22,1.02851343972268,0,TRUE,"South Fork Mill Creek",FALSE,21
2018,142,20,1.03442151877225,0,TRUE,"South Fork Mill Creek",FALSE,19
2018,142,21,1.03442151877219,0,TRUE,"South Fork Mill Creek",FALSE,20
2018,142,22,1.02851343972268,0,TRUE,"South Fork Mill Creek",FALSE,21
2018,156,20,1.03442151877225,0,TRUE,"South Fork Mill Creek",FALSE,19
2018,156,21,1.03442151877219,0,TRUE,"South Fork Mill Creek",FALSE,20
2018,156,22,1.02851343972268,0,TRUE,"South Fork Mill Creek",FALSE,21
2019,50,1,0.751516771600208,0,TRUE,"Mill Creek",TRUE,NA
2019,50,2,1.06671045440621,0,TRUE,"Mill Creek",FALSE,1
2019,50,3,1.02240779685412,0,TRUE,"Mill Creek",FALSE,2
2019,50,4,1.02240779685412,0,TRUE,"Mill Creek",FALSE,3
2019,64,1,0.751516771600208,0,TRUE,"Mill Creek",TRUE,NA
2019,64,2,1.06671045440621,0,TRUE,"Mill Creek",FALSE,1
2019,64,3,1.02240779685412,0,TRUE,"Mill Creek",FALSE,2
2019,64,4,1.02240779685412,0,TRUE,"Mill Creek",FALSE,3
2019,77,1,0.751516771600208,0,TRUE,"Mill Creek",TRUE,NA
2019,77,2,1.06671045440621,0,TRUE,"Mill Creek",FALSE,1
2019,77,3,1.02240779685412,0,TRUE,"Mill Creek",FALSE,2
2019,77,4,1.02240779685412,0,TRUE,"Mill Creek",FALSE,3
2019,91,1,0.751516771600208,0,TRUE,"Mill Creek",TRUE,NA
2019,91,2,1.06671045440621,0,TRUE,"Mill Creek",FALSE,1
2019,91,3,1.02240779685412,0,TRUE,"Mill Creek",FALSE,2
2019,91,4,1.02240779685412,0,TRUE,"Mill Creek",FALSE,3
2019,105,1,0.751516771600208,0,TRUE,"Mill Creek",TRUE,NA
2019,105,2,1.06671045440621,0,TRUE,"Mill Creek",FALSE,1
2019,105,3,1.02240779685412,0,TRUE,"Mill Creek",FALSE,2
2019,105,4,1.02240779685412,0,TRUE,"Mill Creek",FALSE,3
2019,119,1,0.751516771600208,0,TRUE,"Mill Creek",TRUE,NA
2019,119,2,1.06671045440621,0,TRUE,"Mill Creek",FALSE,1
2019,119,3,1.02240779685412,0,TRUE,"Mill Creek",FALSE,2
2019,119,4,1.02240779685412,0,TRUE,"Mill Creek",FALSE,3
2019,134,1,0.751516771600208,0,TRUE,"Mill Creek",TRUE,NA
2019,134,2,1.06671045440621,0,TRUE,"Mill Creek",FALSE,1
2019,134,3,1.02240779685412,0,TRUE,"Mill Creek",FALSE,2
2019,134,4,1.02240779685412,0,TRUE,"Mill Creek",FALSE,3
2019,148,1,0.751516771600208,0,TRUE,"Mill Creek",TRUE,NA
2019,148,2,1.06671045440621,0,TRUE,"Mill Creek",FALSE,1
2019,148,3,1.02240779685412,0,TRUE,"Mill Creek",FALSE,2
2019,148,4,1.02240779685412,0,TRUE,"Mill Creek",FALSE,3
2019,50,6,1.02240779685415,0,TRUE,"Mill Creek",FALSE,5
2019,50,7,1.02240779685412,0,TRUE,"Mill Creek",FALSE,6
2019,50,8,1.02240779685415,0,TRUE,"Mill Creek",FALSE,7
2019,50,9,1.02240779685411,0,TRUE,"Mill Creek",FALSE,8
2019,50,10,1.02240779685416,0,TRUE,"Mill Creek",FALSE,9
2019,50,11,0.821675110786676,0,TRUE,"Mill Creek",FALSE,10
2019,64,6,1.02240779685415,0,TRUE,"Mill Creek",FALSE,5
2019,64,7,1.02240779685412,0,TRUE,"Mill Creek",FALSE,6
2019,64,8,1.02240779685415,0,TRUE,"Mill Creek",FALSE,7
2019,64,9,1.02240779685411,0,TRUE,"Mill Creek",FALSE,8
2019,64,10,1.02240779685416,0,TRUE,"Mill Creek",FALSE,9
2019,77,6,1.02240779685415,0,TRUE,"Mill Creek",FALSE,5
2019,77,7,1.02240779685412,0,TRUE,"Mill Creek",FALSE,6
2019,77,8,1.02240779685415,0,TRUE,"Mill Creek",FALSE,7
2019,77,9,1.02240779685411,0,TRUE,"Mill Creek",FALSE,8
2019,77,10,1.02240779685416,0,TRUE,"Mill Creek",FALSE,9
2019,91,6,1.02240779685415,0,TRUE,"Mill Creek",FALSE,5
2019,91,7,1.02240779685412,0,TRUE,"Mill Creek",FALSE,6
2019,91,8,1.02240779685415,0,TRUE,"Mill Creek",FALSE,7
2019,91,9,1.02240779685411,0,TRUE,"Mill Creek",FALSE,8
2019,91,10,1.02240779685416,0,TRUE,"Mill Creek",FALSE,9
2019,105,6,1.02240779685415,0,TRUE,"Mill Creek",FALSE,5
2019,105,7,1.02240779685412,1,TRUE,"Mill Creek",FALSE,6
2019,105,8,1.02240779685415,0,TRUE,"Mill Creek",FALSE,7
2019,105,9,1.02240779685411,0,TRUE,"Mill Creek",FALSE,8
2019,105,10,1.02240779685416,0,TRUE,"Mill Creek",FALSE,9
2019,119,6,1.02240779685415,0,TRUE,"Mill Creek",FALSE,5
2019,119,7,1.02240779685412,1,TRUE,"Mill Creek",FALSE,6
2019,119,8,1.02240779685415,0,TRUE,"Mill Creek",FALSE,7
2019,119,9,1.02240779685411,0,TRUE,"Mill Creek",FALSE,8
2019,119,10,1.02240779685416,0,TRUE,"Mill Creek",FALSE,9
2019,134,6,1.02240779685415,1,TRUE,"Mill Creek",FALSE,5
2019,134,7,1.02240779685412,1,TRUE,"Mill Creek",FALSE,6
2019,134,8,1.02240779685415,0,TRUE,"Mill Creek",FALSE,7
2019,134,9,1.02240779685411,0,TRUE,"Mill Creek",FALSE,8
2019,134,10,1.02240779685416,0,TRUE,"Mill Creek",FALSE,9
2019,148,6,1.02240779685415,0,TRUE,"Mill Creek",FALSE,5
2019,148,7,1.02240779685412,0,TRUE,"Mill Creek",FALSE,6
2019,148,8,1.02240779685415,0,TRUE,"Mill Creek",FALSE,7
2019,148,9,1.02240779685411,0,TRUE,"Mill Creek",FALSE,8
2019,148,10,1.02240779685416,0,TRUE,"Mill Creek",FALSE,9
2019,64,12,1.02240779685415,0,TRUE,"Mill Creek",FALSE,11
2019,64,13,1.02240779685412,0,TRUE,"Mill Creek",FALSE,12
2019,64,14,1.0224077968541,0,TRUE,"Mill Creek",FALSE,13
2019,64,15,1.02240779685416,0,TRUE,"Mill Creek",FALSE,14
2019,64,16,1.02240779685414,0,TRUE,"Mill Creek",FALSE,15
2019,64,17,0.222092318506529,0,TRUE,"Mill Creek",FALSE,16
2019,77,12,1.02240779685415,0,TRUE,"Mill Creek",FALSE,11
2019,77,13,1.02240779685412,0,TRUE,"Mill Creek",FALSE,12
2019,77,14,1.0224077968541,0,TRUE,"Mill Creek",FALSE,13
2019,77,15,1.02240779685416,0,TRUE,"Mill Creek",FALSE,14
2019,77,16,1.02240779685414,0,TRUE,"Mill Creek",FALSE,15
2019,77,17,0.222092318506529,0,TRUE,"Mill Creek",FALSE,16
2019,91,12,1.02240779685415,0,TRUE,"Mill Creek",FALSE,11
2019,91,13,1.02240779685412,0,TRUE,"Mill Creek",FALSE,12
2019,91,14,1.0224077968541,0,TRUE,"Mill Creek",FALSE,13
2019,91,15,1.02240779685416,0,TRUE,"Mill Creek",FALSE,14
2019,91,16,1.02240779685414,0,TRUE,"Mill Creek",FALSE,15
2019,91,17,0.222092318506529,0,TRUE,"Mill Creek",FALSE,16
2019,105,12,1.02240779685415,0,TRUE,"Mill Creek",FALSE,11
2019,105,13,1.02240779685412,0,TRUE,"Mill Creek",FALSE,12
2019,105,14,1.0224077968541,0,TRUE,"Mill Creek",FALSE,13
2019,105,15,1.02240779685416,0,TRUE,"Mill Creek",FALSE,14
2019,105,16,1.02240779685414,0,TRUE,"Mill Creek",FALSE,15
2019,105,17,0.222092318506529,0,TRUE,"Mill Creek",FALSE,16
2019,119,12,1.02240779685415,0,TRUE,"Mill Creek",FALSE,11
2019,119,13,1.02240779685412,0,TRUE,"Mill Creek",FALSE,12
2019,119,14,1.0224077968541,0,TRUE,"Mill Creek",FALSE,13
2019,119,15,1.02240779685416,0,TRUE,"Mill Creek",FALSE,14
2019,119,16,1.02240779685414,0,TRUE,"Mill Creek",FALSE,15
2019,119,17,0.222092318506529,0,TRUE,"Mill Creek",FALSE,16
2019,134,12,1.02240779685415,0,TRUE,"Mill Creek",FALSE,11
2019,134,13,1.02240779685412,0,TRUE,"Mill Creek",FALSE,12
2019,134,14,1.0224077968541,0,TRUE,"Mill Creek",FALSE,13
2019,134,15,1.02240779685416,0,TRUE,"Mill Creek",FALSE,14
2019,134,16,1.02240779685414,0,TRUE,"Mill Creek",FALSE,15
2019,134,17,0.222092318506529,0,TRUE,"Mill Creek",FALSE,16
2019,148,12,1.02240779685415,0,TRUE,"Mill Creek",FALSE,11
2019,148,13,1.02240779685412,0,TRUE,"Mill Creek",FALSE,12
2019,148,14,1.0224077968541,0,TRUE,"Mill Creek",FALSE,13
2019,148,15,1.02240779685416,0,TRUE,"Mill Creek",FALSE,14
2019,148,16,1.02240779685414,0,TRUE,"Mill Creek",FALSE,15
2019,148,17,0.222092318506529,0,TRUE,"Mill Creek",FALSE,16
2019,50,20,1.03442151877225,0,TRUE,"South Fork Mill Creek",FALSE,19
2019,50,21,1.03442151877219,0,TRUE,"South Fork Mill Creek",FALSE,20
2019,50,22,1.02851343972268,0,TRUE,"South Fork Mill Creek",FALSE,21
2019,64,20,1.03442151877225,0,TRUE,"South Fork Mill Creek",FALSE,19
2019,64,21,1.03442151877219,0,TRUE,"South Fork Mill Creek",FALSE,20
2019,64,22,1.02851343972268,0,TRUE,"South Fork Mill Creek",FALSE,21
2019,77,20,1.03442151877225,0,TRUE,"South Fork Mill Creek",FALSE,19
2019,77,21,1.03442151877219,0,TRUE,"South Fork Mill Creek",FALSE,20
2019,77,22,1.02851343972268,0,TRUE,"South Fork Mill Creek",FALSE,21
2019,91,20,1.03442151877225,0,TRUE,"South Fork Mill Creek",FALSE,19
2019,91,21,1.03442151877219,0,TRUE,"South Fork Mill Creek",FALSE,20
2019,91,22,1.02851343972268,0,TRUE,"South Fork Mill Creek",FALSE,21
2019,105,20,1.03442151877225,0,TRUE,"South Fork Mill Creek",FALSE,19
2019,105,21,1.03442151877219,0,TRUE,"South Fork Mill Creek",FALSE,20
2019,105,22,1.02851343972268,0,TRUE,"South Fork Mill Creek",FALSE,21
2019,119,20,1.03442151877225,0,TRUE,"South Fork Mill Creek",FALSE,19
2019,119,21,1.03442151877219,0,TRUE,"South Fork Mill Creek",FALSE,20
2019,119,22,1.02851343972268,0,TRUE,"South Fork Mill Creek",FALSE,21
2019,134,20,1.03442151877225,0,TRUE,"South Fork Mill Creek",FALSE,19
2019,134,21,1.03442151877219,0,TRUE,"South Fork Mill Creek",FALSE,20
2019,134,22,1.02851343972268,0,TRUE,"South Fork Mill Creek",FALSE,21
2019,148,20,1.03442151877225,0,TRUE,"South Fork Mill Creek",FALSE,19
2019,148,21,1.03442151877219,0,TRUE,"South Fork Mill Creek",FALSE,20
2019,148,22,1.02851343972268,0,TRUE,"South Fork Mill Creek",FALSE,21
2020,49,1,0.751516771600208,0,TRUE,"Mill Creek",TRUE,NA
2020,49,2,1.06671045440621,0,TRUE,"Mill Creek",FALSE,1
2020,49,3,1.02240779685412,0,TRUE,"Mill Creek",FALSE,2
2020,49,4,1.02240779685412,0,TRUE,"Mill Creek",FALSE,3
2020,62,1,0.751516771600208,0,TRUE,"Mill Creek",TRUE,NA
2020,62,2,1.06671045440621,0,TRUE,"Mill Creek",FALSE,1
2020,62,3,1.02240779685412,0,TRUE,"Mill Creek",FALSE,2
2020,62,4,1.02240779685412,0,TRUE,"Mill Creek",FALSE,3
2020,76,1,0.751516771600208,0,TRUE,"Mill Creek",TRUE,NA
2020,76,2,1.06671045440621,0,TRUE,"Mill Creek",FALSE,1
2020,76,3,1.02240779685412,0,TRUE,"Mill Creek",FALSE,2
2020,76,4,1.02240779685412,0,TRUE,"Mill Creek",FALSE,3
2020,112,1,0.751516771600208,0,TRUE,"Mill Creek",TRUE,NA
2020,112,2,1.06671045440621,0,TRUE,"Mill Creek",FALSE,1
2020,112,3,1.02240779685412,0,TRUE,"Mill Creek",FALSE,2
2020,112,4,1.02240779685412,0,TRUE,"Mill Creek",FALSE,3
2020,126,1,0.751516771600208,0,TRUE,"Mill Creek",TRUE,NA
2020,126,2,1.06671045440621,0,TRUE,"Mill Creek",FALSE,1
2020,126,3,1.02240779685412,0,TRUE,"Mill Creek",FALSE,2
2020,126,4,1.02240779685412,0,TRUE,"Mill Creek",FALSE,3
2020,139,1,0.751516771600208,0,TRUE,"Mill Creek",TRUE,NA
2020,139,2,1.06671045440621,0,TRUE,"Mill Creek",FALSE,1
2020,139,3,1.02240779685412,0,TRUE,"Mill Creek",FALSE,2
2020,139,4,1.02240779685412,0,TRUE,"Mill Creek",FALSE,3
2020,153,1,0.751516771600208,0,TRUE,"Mill Creek",TRUE,NA
2020,153,2,1.06671045440621,0,TRUE,"Mill Creek",FALSE,1
2020,153,3,1.02240779685412,0,TRUE,"Mill Creek",FALSE,2
2020,153,4,1.02240779685412,0,TRUE,"Mill Creek",FALSE,3
2020,49,6,1.02240779685415,0,TRUE,"Mill Creek",FALSE,5
2020,49,7,1.02240779685412,0,TRUE,"Mill Creek",FALSE,6
2020,49,8,1.02240779685415,0,TRUE,"Mill Creek",FALSE,7
2020,49,9,1.02240779685411,0,TRUE,"Mill Creek",FALSE,8
2020,49,10,1.02240779685416,0,TRUE,"Mill Creek",FALSE,9
2020,62,6,1.02240779685415,0,TRUE,"Mill Creek",FALSE,5
2020,62,7,1.02240779685412,0,TRUE,"Mill Creek",FALSE,6
2020,62,8,1.02240779685415,0,TRUE,"Mill Creek",FALSE,7
2020,62,9,1.02240779685411,0,TRUE,"Mill Creek",FALSE,8
2020,62,10,1.02240779685416,0,TRUE,"Mill Creek",FALSE,9
2020,76,6,1.02240779685415,3,TRUE,"Mill Creek",FALSE,5
2020,76,7,1.02240779685412,1,TRUE,"Mill Creek",FALSE,6
2020,76,8,1.02240779685415,1,TRUE,"Mill Creek",FALSE,7
2020,76,9,1.02240779685411,0,TRUE,"Mill Creek",FALSE,8
2020,76,10,1.02240779685416,0,TRUE,"Mill Creek",FALSE,9
2020,112,6,1.02240779685415,1,TRUE,"Mill Creek",FALSE,5
2020,112,7,1.02240779685412,0,TRUE,"Mill Creek",FALSE,6
2020,112,8,1.02240779685415,0,TRUE,"Mill Creek",FALSE,7
2020,112,9,1.02240779685411,0,TRUE,"Mill Creek",FALSE,8
2020,112,10,1.02240779685416,2,TRUE,"Mill Creek",FALSE,9
2020,126,6,1.02240779685415,0,TRUE,"Mill Creek",FALSE,5
2020,126,7,1.02240779685412,1,TRUE,"Mill Creek",FALSE,6
2020,126,8,1.02240779685415,0,TRUE,"Mill Creek",FALSE,7
2020,126,9,1.02240779685411,0,TRUE,"Mill Creek",FALSE,8
2020,126,10,1.02240779685416,1,TRUE,"Mill Creek",FALSE,9
2020,139,6,1.02240779685415,0,TRUE,"Mill Creek",FALSE,5
2020,139,7,1.02240779685412,0,TRUE,"Mill Creek",FALSE,6
2020,139,8,1.02240779685415,1,TRUE,"Mill Creek",FALSE,7
2020,139,9,1.02240779685411,0,TRUE,"Mill Creek",FALSE,8
2020,139,10,1.02240779685416,0,TRUE,"Mill Creek",FALSE,9
2020,153,6,1.02240779685415,0,TRUE,"Mill Creek",FALSE,5
2020,153,7,1.02240779685412,0,TRUE,"Mill Creek",FALSE,6
2020,153,8,1.02240779685415,0,TRUE,"Mill Creek",FALSE,7
2020,153,9,1.02240779685411,0,TRUE,"Mill Creek",FALSE,8
2020,153,10,1.02240779685416,0,TRUE,"Mill Creek",FALSE,9
2020,49,12,1.02240779685415,0,TRUE,"Mill Creek",FALSE,11
2020,49,13,1.02240779685412,0,TRUE,"Mill Creek",FALSE,12
2020,49,14,1.0224077968541,0,TRUE,"Mill Creek",FALSE,13
2020,49,15,1.02240779685416,0,TRUE,"Mill Creek",FALSE,14
2020,49,16,1.02240779685414,0,TRUE,"Mill Creek",FALSE,15
2020,49,17,0.222092318506529,0,TRUE,"Mill Creek",FALSE,16
2020,62,12,1.02240779685415,0,TRUE,"Mill Creek",FALSE,11
2020,62,13,1.02240779685412,0,TRUE,"Mill Creek",FALSE,12
2020,62,14,1.0224077968541,0,TRUE,"Mill Creek",FALSE,13
2020,62,15,1.02240779685416,0,TRUE,"Mill Creek",FALSE,14
2020,62,16,1.02240779685414,0,TRUE,"Mill Creek",FALSE,15
2020,62,17,0.222092318506529,0,TRUE,"Mill Creek",FALSE,16
2020,76,12,1.02240779685415,0,TRUE,"Mill Creek",FALSE,11
2020,76,13,1.02240779685412,0,TRUE,"Mill Creek",FALSE,12
2020,76,14,1.0224077968541,0,TRUE,"Mill Creek",FALSE,13
2020,76,15,1.02240779685416,0,TRUE,"Mill Creek",FALSE,14
2020,76,16,1.02240779685414,0,TRUE,"Mill Creek",FALSE,15
2020,76,17,0.222092318506529,0,TRUE,"Mill Creek",FALSE,16
2020,112,12,1.02240779685415,0,TRUE,"Mill Creek",FALSE,11
2020,112,13,1.02240779685412,0,TRUE,"Mill Creek",FALSE,12
2020,112,14,1.0224077968541,0,TRUE,"Mill Creek",FALSE,13
2020,112,15,1.02240779685416,0,TRUE,"Mill Creek",FALSE,14
2020,112,16,1.02240779685414,0,TRUE,"Mill Creek",FALSE,15
2020,126,12,1.02240779685415,0,TRUE,"Mill Creek",FALSE,11
2020,126,13,1.02240779685412,0,TRUE,"Mill Creek",FALSE,12
2020,126,14,1.0224077968541,0,TRUE,"Mill Creek",FALSE,13
2020,126,15,1.02240779685416,0,TRUE,"Mill Creek",FALSE,14
2020,126,16,1.02240779685414,0,TRUE,"Mill Creek",FALSE,15
2020,126,17,0.222092318506529,0,TRUE,"Mill Creek",FALSE,16
2020,139,12,1.02240779685415,0,TRUE,"Mill Creek",FALSE,11
2020,139,13,1.02240779685412,0,TRUE,"Mill Creek",FALSE,12
2020,139,14,1.0224077968541,0,TRUE,"Mill Creek",FALSE,13
2020,139,15,1.02240779685416,0,TRUE,"Mill Creek",FALSE,14
2020,139,16,1.02240779685414,0,TRUE,"Mill Creek",FALSE,15
2020,139,17,0.222092318506529,0,TRUE,"Mill Creek",FALSE,16
2020,153,12,1.02240779685415,0,TRUE,"Mill Creek",FALSE,11
2020,153,13,1.02240779685412,0,TRUE,"Mill Creek",FALSE,12
2020,153,14,1.0224077968541,0,TRUE,"Mill Creek",FALSE,13
2020,153,15,1.02240779685416,0,TRUE,"Mill Creek",FALSE,14
2020,153,16,1.02240779685414,0,TRUE,"Mill Creek",FALSE,15
2020,153,17,0.222092318506529,0,TRUE,"Mill Creek",FALSE,16
2020,112,18,1.02240779685413,0,TRUE,"Mill Creek",FALSE,17
2020,112,19,0.917089919627248,1,TRUE,"South Fork Mill Creek",FALSE,2
2020,126,19,0.917089919627248,1,TRUE,"South Fork Mill Creek",FALSE,2
2020,139,19,0.917089919627248,1,TRUE,"South Fork Mill Creek",FALSE,2
2020,153,19,0.917089919627248,0,TRUE,"South Fork Mill Creek",FALSE,2
2020,49,20,1.03442151877225,0,TRUE,"South Fork Mill Creek",FALSE,19
2020,49,21,1.03442151877219,0,TRUE,"South Fork Mill Creek",FALSE,20
2020,49,22,1.02851343972268,0,TRUE,"South Fork Mill Creek",FALSE,21
2020,62,20,1.03442151877225,0,TRUE,"South Fork Mill Creek",FALSE,19
2020,62,21,1.03442151877219,0,TRUE,"South Fork Mill Creek",FALSE,20
2020,62,22,1.02851343972268,0,TRUE,"South Fork Mill Creek",FALSE,21
2020,76,20,1.03442151877225,0,TRUE,"South Fork Mill Creek",FALSE,19
2020,76,21,1.03442151877219,0,TRUE,"South Fork Mill Creek",FALSE,20
2020,76,22,1.02851343972268,0,TRUE,"South Fork Mill Creek",FALSE,21
2021,48,1,0.751516771600208,0,TRUE,"Mill Creek",TRUE,NA
2021,48,2,1.06671045440621,0,TRUE,"Mill Creek",FALSE,1
2021,48,3,1.02240779685412,0,TRUE,"Mill Creek",FALSE,2
2021,48,4,1.02240779685412,0,TRUE,"Mill Creek",FALSE,3
2021,56,1,0.751516771600208,0,TRUE,"Mill Creek",TRUE,NA
2021,56,2,1.06671045440621,0,TRUE,"Mill Creek",FALSE,1
2021,56,3,1.02240779685412,0,TRUE,"Mill Creek",FALSE,2
2021,56,4,1.02240779685412,0,TRUE,"Mill Creek",FALSE,3
2021,67,1,0.751516771600208,0,TRUE,"Mill Creek",TRUE,NA
2021,67,2,1.06671045440621,0,TRUE,"Mill Creek",FALSE,1
2021,67,3,1.02240779685412,0,TRUE,"Mill Creek",FALSE,2
2021,67,4,1.02240779685412,0,TRUE,"Mill Creek",FALSE,3
2021,81,1,0.751516771600208,0,TRUE,"Mill Creek",TRUE,NA
2021,81,2,1.06671045440621,0,TRUE,"Mill Creek",FALSE,1
2021,81,3,1.02240779685412,0,TRUE,"Mill Creek",FALSE,2
2021,81,4,1.02240779685412,0,TRUE,"Mill Creek",FALSE,3
2021,95,1,0.751516771600208,0,TRUE,"Mill Creek",TRUE,NA
2021,95,2,1.06671045440621,0,TRUE,"Mill Creek",FALSE,1
2021,95,3,1.02240779685412,0,TRUE,"Mill Creek",FALSE,2
2021,95,4,1.02240779685412,0,TRUE,"Mill Creek",FALSE,3
2021,109,1,0.751516771600208,0,TRUE,"Mill Creek",TRUE,NA
2021,109,2,1.06671045440621,0,TRUE,"Mill Creek",FALSE,1
2021,109,3,1.02240779685412,0,TRUE,"Mill Creek",FALSE,2
2021,109,4,1.02240779685412,0,TRUE,"Mill Creek",FALSE,3
2021,123,1,0.751516771600208,0,TRUE,"Mill Creek",TRUE,NA
2021,123,2,1.06671045440621,0,TRUE,"Mill Creek",FALSE,1
2021,123,3,1.02240779685412,0,TRUE,"Mill Creek",FALSE,2
2021,123,4,1.02240779685412,0,TRUE,"Mill Creek",FALSE,3
2021,137,1,0.751516771600208,0,TRUE,"Mill Creek",TRUE,NA
2021,137,2,1.06671045440621,1,TRUE,"Mill Creek",FALSE,1
2021,137,3,1.02240779685412,0,TRUE,"Mill Creek",FALSE,2
2021,137,4,1.02240779685412,0,TRUE,"Mill Creek",FALSE,3
2021,153,1,0.751516771600208,0,TRUE,"Mill Creek",TRUE,NA
2021,153,2,1.06671045440621,0,TRUE,"Mill Creek",FALSE,1
2021,153,3,1.02240779685412,0,TRUE,"Mill Creek",FALSE,2
2021,153,4,1.02240779685412,0,TRUE,"Mill Creek",FALSE,3
2021,48,6,1.02240779685415,0,TRUE,"Mill Creek",FALSE,5
2021,48,7,1.02240779685412,0,TRUE,"Mill Creek",FALSE,6
2021,48,8,1.02240779685415,0,TRUE,"Mill Creek",FALSE,7
2021,48,9,1.02240779685411,0,TRUE,"Mill Creek",FALSE,8
2021,48,10,1.02240779685416,0,TRUE,"Mill Creek",FALSE,9
2021,56,6,1.02240779685415,0,TRUE,"Mill Creek",FALSE,5
2021,56,7,1.02240779685412,0,TRUE,"Mill Creek",FALSE,6
2021,56,8,1.02240779685415,0,TRUE,"Mill Creek",FALSE,7
2021,56,9,1.02240779685411,0,TRUE,"Mill Creek",FALSE,8
2021,56,10,1.02240779685416,0,TRUE,"Mill Creek",FALSE,9
2021,67,6,1.02240779685415,0,TRUE,"Mill Creek",FALSE,5
2021,67,7,1.02240779685412,0,TRUE,"Mill Creek",FALSE,6
2021,67,8,1.02240779685415,0,TRUE,"Mill Creek",FALSE,7
2021,67,9,1.02240779685411,0,TRUE,"Mill Creek",FALSE,8
2021,67,10,1.02240779685416,0,TRUE,"Mill Creek",FALSE,9
2021,81,6,1.02240779685415,0,TRUE,"Mill Creek",FALSE,5
2021,81,7,1.02240779685412,0,TRUE,"Mill Creek",FALSE,6
2021,81,8,1.02240779685415,0,TRUE,"Mill Creek",FALSE,7
2021,81,9,1.02240779685411,0,TRUE,"Mill Creek",FALSE,8
2021,81,10,1.02240779685416,0,TRUE,"Mill Creek",FALSE,9
2021,95,6,1.02240779685415,0,TRUE,"Mill Creek",FALSE,5
2021,95,7,1.02240779685412,0,TRUE,"Mill Creek",FALSE,6
2021,95,8,1.02240779685415,0,TRUE,"Mill Creek",FALSE,7
2021,95,9,1.02240779685411,0,TRUE,"Mill Creek",FALSE,8
2021,95,10,1.02240779685416,0,TRUE,"Mill Creek",FALSE,9
2021,109,6,1.02240779685415,0,TRUE,"Mill Creek",FALSE,5
2021,109,7,1.02240779685412,0,TRUE,"Mill Creek",FALSE,6
2021,109,8,1.02240779685415,0,TRUE,"Mill Creek",FALSE,7
2021,109,9,1.02240779685411,0,TRUE,"Mill Creek",FALSE,8
2021,109,10,1.02240779685416,0,TRUE,"Mill Creek",FALSE,9
2021,123,6,1.02240779685415,0,TRUE,"Mill Creek",FALSE,5
2021,123,7,1.02240779685412,0,TRUE,"Mill Creek",FALSE,6
2021,123,8,1.02240779685415,0,TRUE,"Mill Creek",FALSE,7
2021,123,9,1.02240779685411,0,TRUE,"Mill Creek",FALSE,8
2021,123,10,1.02240779685416,0,TRUE,"Mill Creek",FALSE,9
2021,137,6,1.02240779685415,0,TRUE,"Mill Creek",FALSE,5
2021,137,7,1.02240779685412,0,TRUE,"Mill Creek",FALSE,6
2021,137,8,1.02240779685415,0,TRUE,"Mill Creek",FALSE,7
2021,137,9,1.02240779685411,0,TRUE,"Mill Creek",FALSE,8
2021,137,10,1.02240779685416,0,TRUE,"Mill Creek",FALSE,9
2021,153,6,1.02240779685415,0,TRUE,"Mill Creek",FALSE,5
2021,153,7,1.02240779685412,0,TRUE,"Mill Creek",FALSE,6
2021,153,8,1.02240779685415,0,TRUE,"Mill Creek",FALSE,7
2021,153,9,1.02240779685411,0,TRUE,"Mill Creek",FALSE,8
2021,153,10,1.02240779685416,0,TRUE,"Mill Creek",FALSE,9
2021,48,12,1.02240779685415,0,TRUE,"Mill Creek",FALSE,11
2021,48,13,1.02240779685412,0,TRUE,"Mill Creek",FALSE,12
2021,48,14,1.0224077968541,0,TRUE,"Mill Creek",FALSE,13
2021,48,15,1.02240779685416,0,TRUE,"Mill Creek",FALSE,14
2021,48,16,1.02240779685414,0,TRUE,"Mill Creek",FALSE,15
2021,48,17,0.222092318506529,0,TRUE,"Mill Creek",FALSE,16
2021,56,12,1.02240779685415,0,TRUE,"Mill Creek",FALSE,11
2021,56,13,1.02240779685412,0,TRUE,"Mill Creek",FALSE,12
2021,56,14,1.0224077968541,0,TRUE,"Mill Creek",FALSE,13
2021,56,15,1.02240779685416,0,TRUE,"Mill Creek",FALSE,14
2021,56,16,1.02240779685414,0,TRUE,"Mill Creek",FALSE,15
2021,56,17,0.222092318506529,0,TRUE,"Mill Creek",FALSE,16
2021,67,12,1.02240779685415,0,TRUE,"Mill Creek",FALSE,11
2021,67,13,1.02240779685412,0,TRUE,"Mill Creek",FALSE,12
2021,67,14,1.0224077968541,0,TRUE,"Mill Creek",FALSE,13
2021,67,15,1.02240779685416,0,TRUE,"Mill Creek",FALSE,14
2021,67,16,1.02240779685414,0,TRUE,"Mill Creek",FALSE,15
2021,67,17,0.222092318506529,0,TRUE,"Mill Creek",FALSE,16
2021,81,12,1.02240779685415,0,TRUE,"Mill Creek",FALSE,11
2021,81,13,1.02240779685412,0,TRUE,"Mill Creek",FALSE,12
2021,81,14,1.0224077968541,0,TRUE,"Mill Creek",FALSE,13
2021,81,15,1.02240779685416,0,TRUE,"Mill Creek",FALSE,14
2021,81,16,1.02240779685414,0,TRUE,"Mill Creek",FALSE,15
2021,81,17,0.222092318506529,0,TRUE,"Mill Creek",FALSE,16
2021,95,12,1.02240779685415,0,TRUE,"Mill Creek",FALSE,11
2021,95,13,1.02240779685412,0,TRUE,"Mill Creek",FALSE,12
2021,95,14,1.0224077968541,0,TRUE,"Mill Creek",FALSE,13
2021,95,15,1.02240779685416,0,TRUE,"Mill Creek",FALSE,14
2021,95,16,1.02240779685414,0,TRUE,"Mill Creek",FALSE,15
2021,95,17,0.222092318506529,1,TRUE,"Mill Creek",FALSE,16
2021,109,12,1.02240779685415,0,TRUE,"Mill Creek",FALSE,11
2021,109,13,1.02240779685412,0,TRUE,"Mill Creek",FALSE,12
2021,109,14,1.0224077968541,0,TRUE,"Mill Creek",FALSE,13
2021,109,15,1.02240779685416,0,TRUE,"Mill Creek",FALSE,14
2021,109,16,1.02240779685414,0,TRUE,"Mill Creek",FALSE,15
2021,109,17,0.222092318506529,0,TRUE,"Mill Creek",FALSE,16
2021,123,12,1.02240779685415,0,TRUE,"Mill Creek",FALSE,11
2021,123,13,1.02240779685412,0,TRUE,"Mill Creek",FALSE,12
2021,123,14,1.0224077968541,0,TRUE,"Mill Creek",FALSE,13
2021,123,15,1.02240779685416,0,TRUE,"Mill Creek",FALSE,14
2021,123,16,1.02240779685414,0,TRUE,"Mill Creek",FALSE,15
2021,123,17,0.222092318506529,0,TRUE,"Mill Creek",FALSE,16
2021,137,12,1.02240779685415,0,TRUE,"Mill Creek",FALSE,11
2021,137,13,1.02240779685412,0,TRUE,"Mill Creek",FALSE,12
2021,137,14,1.0224077968541,0,TRUE,"Mill Creek",FALSE,13
2021,137,15,1.02240779685416,0,TRUE,"Mill Creek",FALSE,14
2021,137,16,1.02240779685414,0,TRUE,"Mill Creek",FALSE,15
2021,137,17,0.222092318506529,0,TRUE,"Mill Creek",FALSE,16
2021,153,12,1.02240779685415,0,TRUE,"Mill Creek",FALSE,11
2021,153,13,1.02240779685412,0,TRUE,"Mill Creek",FALSE,12
2021,153,14,1.0224077968541,0,TRUE,"Mill Creek",FALSE,13
2021,153,15,1.02240779685416,0,TRUE,"Mill Creek",FALSE,14
2021,153,16,1.02240779685414,0,TRUE,"Mill Creek",FALSE,15
2021,153,17,0.222092318506529,0,TRUE,"Mill Creek",FALSE,16
2021,95,19,0.917089919627248,0,TRUE,"South Fork Mill Creek",FALSE,2
2021,109,19,0.917089919627248,0,TRUE,"South Fork Mill Creek",FALSE,2
2021,123,19,0.917089919627248,0,TRUE,"South Fork Mill Creek",FALSE,2
2021,137,19,0.917089919627248,0,TRUE,"South Fork Mill Creek",FALSE,2
2021,153,19,0.917089919627248,0,TRUE,"South Fork Mill Creek",FALSE,2
2021,48,20,1.03442151877225,0,TRUE,"South Fork Mill Creek",FALSE,19
2021,48,21,1.03442151877219,0,TRUE,"South Fork Mill Creek",FALSE,20
2021,48,22,1.02851343972268,0,TRUE,"South Fork Mill Creek",FALSE,21
2021,56,20,1.03442151877225,0,TRUE,"South Fork Mill Creek",FALSE,19
2021,56,21,1.03442151877219,0,TRUE,"South Fork Mill Creek",FALSE,20
2021,56,22,1.02851343972268,0,TRUE,"South Fork Mill Creek",FALSE,21
2021,67,20,1.03442151877225,0,TRUE,"South Fork Mill Creek",FALSE,19
2021,67,21,1.03442151877219,0,TRUE,"South Fork Mill Creek",FALSE,20
2021,67,22,1.02851343972268,0,TRUE,"South Fork Mill Creek",FALSE,21
2021,81,20,1.03442151877225,0,TRUE,"South Fork Mill Creek",FALSE,19
2021,81,21,1.03442151877219,0,TRUE,"South Fork Mill Creek",FALSE,20
2021,81,22,1.02851343972268,0,TRUE,"South Fork Mill Creek",FALSE,21
2022,53,1,0.751516771600208,0,TRUE,"Mill Creek",TRUE,NA
2022,53,2,1.06671045440621,0,TRUE,"Mill Creek",FALSE,1
2022,53,3,1.02240779685412,0,TRUE,"Mill Creek",FALSE,2
2022,53,4,1.02240779685412,0,TRUE,"Mill Creek",FALSE,3
2022,66,1,0.751516771600208,0,TRUE,"Mill Creek",TRUE,NA
2022,66,2,1.06671045440621,0,TRUE,"Mill Creek",FALSE,1
2022,66,3,1.02240779685412,0,TRUE,"Mill Creek",FALSE,2
2022,66,4,1.02240779685412,0,TRUE,"Mill Creek",FALSE,3
2022,80,1,0.751516771600208,0,TRUE,"Mill Creek",TRUE,NA
2022,80,2,1.06671045440621,0,TRUE,"Mill Creek",FALSE,1
2022,80,3,1.02240779685412,0,TRUE,"Mill Creek",FALSE,2
2022,80,4,1.02240779685412,0,TRUE,"Mill Creek",FALSE,3
2022,102,1,0.751516771600208,0,TRUE,"Mill Creek",TRUE,NA
2022,102,2,1.06671045440621,0,TRUE,"Mill Creek",FALSE,1
2022,102,3,1.02240779685412,0,TRUE,"Mill Creek",FALSE,2
2022,102,4,1.02240779685412,0,TRUE,"Mill Creek",FALSE,3
2022,115,1,0.751516771600208,0,TRUE,"Mill Creek",TRUE,NA
2022,115,2,1.06671045440621,1,TRUE,"Mill Creek",FALSE,1
2022,115,3,1.02240779685412,1,TRUE,"Mill Creek",FALSE,2
2022,115,4,1.02240779685412,0,TRUE,"Mill Creek",FALSE,3
2022,131,1,0.751516771600208,0,TRUE,"Mill Creek",TRUE,NA
2022,131,2,1.06671045440621,0,TRUE,"Mill Creek",FALSE,1
2022,131,3,1.02240779685412,0,TRUE,"Mill Creek",FALSE,2
2022,131,4,1.02240779685412,0,TRUE,"Mill Creek",FALSE,3
2022,145,1,0.751516771600208,0,TRUE,"Mill Creek",TRUE,NA
2022,145,2,1.06671045440621,0,TRUE,"Mill Creek",FALSE,1
2022,145,3,1.02240779685412,0,TRUE,"Mill Creek",FALSE,2
2022,145,4,1.02240779685412,0,TRUE,"Mill Creek",FALSE,3
2022,165,1,0.751516771600208,0,TRUE,"Mill Creek",TRUE,NA
2022,165,2,1.06671045440621,0,TRUE,"Mill Creek",FALSE,1
2022,165,3,1.02240779685412,0,TRUE,"Mill Creek",FALSE,2
2022,165,4,1.02240779685412,0,TRUE,"Mill Creek",FALSE,3
2022,53,6,1.02240779685415,0,TRUE,"Mill Creek",FALSE,5
2022,53,7,1.02240779685412,0,TRUE,"Mill Creek",FALSE,6
2022,53,8,1.02240779685415,0,TRUE,"Mill Creek",FALSE,7
2022,53,9,1.02240779685411,0,TRUE,"Mill Creek",FALSE,8
2022,53,10,1.02240779685416,0,TRUE,"Mill Creek",FALSE,9
2022,66,6,1.02240779685415,0,TRUE,"Mill Creek",FALSE,5
2022,66,7,1.02240779685412,0,TRUE,"Mill Creek",FALSE,6
2022,66,8,1.02240779685415,0,TRUE,"Mill Creek",FALSE,7
2022,66,9,1.02240779685411,0,TRUE,"Mill Creek",FALSE,8
2022,66,10,1.02240779685416,0,TRUE,"Mill Creek",FALSE,9
2022,80,6,1.02240779685415,0,TRUE,"Mill Creek",FALSE,5
2022,80,7,1.02240779685412,0,TRUE,"Mill Creek",FALSE,6
2022,80,8,1.02240779685415,0,TRUE,"Mill Creek",FALSE,7
2022,80,9,1.02240779685411,0,TRUE,"Mill Creek",FALSE,8
2022,80,10,1.02240779685416,0,TRUE,"Mill Creek",FALSE,9
2022,102,6,1.02240779685415,1,TRUE,"Mill Creek",FALSE,5
2022,102,7,1.02240779685412,0,TRUE,"Mill Creek",FALSE,6
2022,102,8,1.02240779685415,0,TRUE,"Mill Creek",FALSE,7
2022,102,9,1.02240779685411,0,TRUE,"Mill Creek",FALSE,8
2022,102,10,1.02240779685416,0,TRUE,"Mill Creek",FALSE,9
2022,115,6,1.02240779685415,3,TRUE,"Mill Creek",FALSE,5
2022,115,7,1.02240779685412,0,TRUE,"Mill Creek",FALSE,6
2022,115,8,1.02240779685415,0,TRUE,"Mill Creek",FALSE,7
2022,115,9,1.02240779685411,0,TRUE,"Mill Creek",FALSE,8
2022,115,10,1.02240779685416,0,TRUE,"Mill Creek",FALSE,9
2022,131,6,1.02240779685415,1,TRUE,"Mill Creek",FALSE,5
2022,131,7,1.02240779685412,0,TRUE,"Mill Creek",FALSE,6
2022,131,8,1.02240779685415,0,TRUE,"Mill Creek",FALSE,7
2022,131,9,1.02240779685411,0,TRUE,"Mill Creek",FALSE,8
2022,131,10,1.02240779685416,0,TRUE,"Mill Creek",FALSE,9
2022,145,6,1.02240779685415,0,TRUE,"Mill Creek",FALSE,5
2022,145,7,1.02240779685412,0,TRUE,"Mill Creek",FALSE,6
2022,145,8,1.02240779685415,0,TRUE,"Mill Creek",FALSE,7
2022,145,9,1.02240779685411,0,TRUE,"Mill Creek",FALSE,8
2022,145,10,1.02240779685416,0,TRUE,"Mill Creek",FALSE,9
2022,165,6,1.02240779685415,0,TRUE,"Mill Creek",FALSE,5
2022,165,7,1.02240779685412,0,TRUE,"Mill Creek",FALSE,6
2022,165,8,1.02240779685415,0,TRUE,"Mill Creek",FALSE,7
2022,165,9,1.02240779685411,0,TRUE,"Mill Creek",FALSE,8
2022,165,10,1.02240779685416,0,TRUE,"Mill Creek",FALSE,9
2022,53,12,1.02240779685415,0,TRUE,"Mill Creek",FALSE,11
2022,53,13,1.02240779685412,0,TRUE,"Mill Creek",FALSE,12
2022,53,14,1.0224077968541,0,TRUE,"Mill Creek",FALSE,13
2022,53,15,1.02240779685416,0,TRUE,"Mill Creek",FALSE,14
2022,53,16,1.02240779685414,0,TRUE,"Mill Creek",FALSE,15
2022,53,17,0.222092318506529,0,TRUE,"Mill Creek",FALSE,16
2022,66,12,1.02240779685415,0,TRUE,"Mill Creek",FALSE,11
2022,66,13,1.02240779685412,0,TRUE,"Mill Creek",FALSE,12
2022,66,14,1.0224077968541,0,TRUE,"Mill Creek",FALSE,13
2022,66,15,1.02240779685416,0,TRUE,"Mill Creek",FALSE,14
2022,66,16,1.02240779685414,0,TRUE,"Mill Creek",FALSE,15
2022,66,17,0.222092318506529,0,TRUE,"Mill Creek",FALSE,16
2022,80,12,1.02240779685415,0,TRUE,"Mill Creek",FALSE,11
2022,80,13,1.02240779685412,0,TRUE,"Mill Creek",FALSE,12
2022,80,14,1.0224077968541,0,TRUE,"Mill Creek",FALSE,13
2022,80,15,1.02240779685416,0,TRUE,"Mill Creek",FALSE,14
2022,80,16,1.02240779685414,0,TRUE,"Mill Creek",FALSE,15
2022,80,17,0.222092318506529,0,TRUE,"Mill Creek",FALSE,16
2022,102,12,1.02240779685415,0,TRUE,"Mill Creek",FALSE,11
2022,102,13,1.02240779685412,0,TRUE,"Mill Creek",FALSE,12
2022,102,14,1.0224077968541,0,TRUE,"Mill Creek",FALSE,13
2022,102,15,1.02240779685416,0,TRUE,"Mill Creek",FALSE,14
2022,102,16,1.02240779685414,0,TRUE,"Mill Creek",FALSE,15
2022,102,17,0.222092318506529,0,TRUE,"Mill Creek",FALSE,16
2022,115,12,1.02240779685415,0,TRUE,"Mill Creek",FALSE,11
2022,115,13,1.02240779685412,0,TRUE,"Mill Creek",FALSE,12
2022,115,14,1.0224077968541,0,TRUE,"Mill Creek",FALSE,13
2022,115,15,1.02240779685416,0,TRUE,"Mill Creek",FALSE,14
2022,115,16,1.02240779685414,0,TRUE,"Mill Creek",FALSE,15
2022,115,17,0.222092318506529,1,TRUE,"Mill Creek",FALSE,16
2022,131,12,1.02240779685415,0,TRUE,"Mill Creek",FALSE,11
2022,131,13,1.02240779685412,0,TRUE,"Mill Creek",FALSE,12
2022,131,14,1.0224077968541,0,TRUE,"Mill Creek",FALSE,13
2022,131,15,1.02240779685416,0,TRUE,"Mill Creek",FALSE,14
2022,131,16,1.02240779685414,0,TRUE,"Mill Creek",FALSE,15
2022,131,17,0.222092318506529,0,TRUE,"Mill Creek",FALSE,16
2022,145,12,1.02240779685415,0,TRUE,"Mill Creek",FALSE,11
2022,145,13,1.02240779685412,0,TRUE,"Mill Creek",FALSE,12
2022,145,14,1.0224077968541,0,TRUE,"Mill Creek",FALSE,13
2022,145,15,1.02240779685416,0,TRUE,"Mill Creek",FALSE,14
2022,145,16,1.02240779685414,0,TRUE,"Mill Creek",FALSE,15
2022,145,17,0.222092318506529,0,TRUE,"Mill Creek",FALSE,16
2022,165,12,1.02240779685415,0,TRUE,"Mill Creek",FALSE,11
2022,165,13,1.02240779685412,0,TRUE,"Mill Creek",FALSE,12
2022,165,14,1.0224077968541,0,TRUE,"Mill Creek",FALSE,13
2022,165,15,1.02240779685416,0,TRUE,"Mill Creek",FALSE,14
2022,165,16,1.02240779685414,0,TRUE,"Mill Creek",FALSE,15
2022,165,17,0.222092318506529,0,TRUE,"Mill Creek",FALSE,16
2022,53,20,1.03442151877225,0,TRUE,"South Fork Mill Creek",FALSE,19
2022,53,21,1.03442151877219,0,TRUE,"South Fork Mill Creek",FALSE,20
2022,53,22,1.02851343972268,0,TRUE,"South Fork Mill Creek",FALSE,21
2022,66,20,1.03442151877225,0,TRUE,"South Fork Mill Creek",FALSE,19
2022,66,21,1.03442151877219,0,TRUE,"South Fork Mill Creek",FALSE,20
2022,66,22,1.02851343972268,0,TRUE,"South Fork Mill Creek",FALSE,21
2022,80,20,1.03442151877225,0,TRUE,"South Fork Mill Creek",FALSE,19
2022,80,21,1.03442151877219,0,TRUE,"South Fork Mill Creek",FALSE,20
2022,80,22,1.02851343972268,0,TRUE,"South Fork Mill Creek",FALSE,21
2022,102,20,1.03442151877225,0,TRUE,"South Fork Mill Creek",FALSE,19
2022,102,21,1.03442151877219,0,TRUE,"South Fork Mill Creek",FALSE,20
2022,102,22,1.02851343972268,0,TRUE,"South Fork Mill Creek",FALSE,21
2022,115,20,1.03442151877225,0,TRUE,"South Fork Mill Creek",FALSE,19
2022,115,21,1.03442151877219,0,TRUE,"South Fork Mill Creek",FALSE,20
2022,115,22,1.02851343972268,0,TRUE,"South Fork Mill Creek",FALSE,21
2022,131,20,1.03442151877225,0,TRUE,"South Fork Mill Creek",FALSE,19
2022,131,21,1.03442151877219,0,TRUE,"South Fork Mill Creek",FALSE,20
2022,131,22,1.02851343972268,0,TRUE,"South Fork Mill Creek",FALSE,21
2022,145,20,1.03442151877225,0,TRUE,"South Fork Mill Creek",FALSE,19
2022,145,21,1.03442151877219,0,TRUE,"South Fork Mill Creek",FALSE,20
2022,145,22,1.02851343972268,0,TRUE,"South Fork Mill Creek",FALSE,21
2022,165,20,1.03442151877225,0,TRUE,"South Fork Mill Creek",FALSE,19
2022,165,21,1.03442151877219,0,TRUE,"South Fork Mill Creek",FALSE,20
2022,165,22,1.02851343972268,0,TRUE,"South Fork Mill Creek",FALSE,21
2013,105,11,1.02240779685411,1,TRUE,"Mill Creek",FALSE,10
2013,105,17,1.02240779685411,0,TRUE,"Mill Creek",FALSE,16
2013,105,19,1.03442151877223,0,TRUE,"South Fork Mill Creek",FALSE,2
2013,105,5,0.989780003532925,2,TRUE,"Mill Creek",FALSE,4
2013,119,19,1.03442151877223,3,TRUE,"South Fork Mill Creek",FALSE,2
2013,120,11,1.02240779685411,0,TRUE,"Mill Creek",FALSE,10
2013,120,5,0.989780003532925,1,TRUE,"Mill Creek",FALSE,4
2013,134,11,1.02240779685411,0,TRUE,"Mill Creek",FALSE,10
2013,134,19,1.03442151877223,2,TRUE,"South Fork Mill Creek",FALSE,2
2013,134,5,0.989780003532925,1,TRUE,"Mill Creek",FALSE,4
2013,149,11,1.02240779685411,0,TRUE,"Mill Creek",FALSE,10
2013,149,5,0.989780003532925,0,TRUE,"Mill Creek",FALSE,4
2013,150,11,1.02240779685411,0,TRUE,"Mill Creek",FALSE,10
2013,150,19,1.03442151877223,0,TRUE,"South Fork Mill Creek",FALSE,2
2013,150,5,0.989780003532925,0,TRUE,"Mill Creek",FALSE,4
2013,64,11,1.02240779685411,0,TRUE,"Mill Creek",FALSE,10
2013,64,19,1.03442151877223,0,TRUE,"South Fork Mill Creek",FALSE,2
2013,64,5,0.989780003532925,0,TRUE,"Mill Creek",FALSE,4
2013,78,11,1.02240779685411,0,TRUE,"Mill Creek",FALSE,10
2013,78,19,1.03442151877223,1,TRUE,"South Fork Mill Creek",FALSE,2
2013,78,5,0.989780003532925,0,TRUE,"Mill Creek",FALSE,4
2013,92,11,1.02240779685411,1,TRUE,"Mill Creek",FALSE,10
2013,92,19,1.03442151877223,0,TRUE,"South Fork Mill Creek",FALSE,2
2013,92,5,0.989780003532925,0,TRUE,"Mill Creek",FALSE,4
2014,111,11,1.02240779685411,0,TRUE,"Mill Creek",FALSE,10
2014,111,17,1.02240779685411,0,TRUE,"Mill Creek",FALSE,16
2014,111,19,1.03442151877223,2,TRUE,"South Fork Mill Creek",FALSE,2
2014,111,5,0.989780003532925,0,TRUE,"Mill Creek",FALSE,4
2014,125,11,1.02240779685411,0,TRUE,"Mill Creek",FALSE,10
2014,125,19,1.03442151877223,3,TRUE,"South Fork Mill Creek",FALSE,2
2014,125,5,0.989780003532925,0,TRUE,"Mill Creek",FALSE,4
2014,140,11,1.02240779685411,0,TRUE,"Mill Creek",FALSE,10
2014,140,19,1.03442151877223,1,TRUE,"South Fork Mill Creek",FALSE,2
2014,140,5,0.989780003532925,0,TRUE,"Mill Creek",FALSE,4
2014,154,11,1.02240779685411,0,TRUE,"Mill Creek",FALSE,10
2014,154,19,1.03442151877223,0,TRUE,"South Fork Mill Creek",FALSE,2
2014,154,5,0.989780003532925,0,TRUE,"Mill Creek",FALSE,4
2014,56,11,1.02240779685411,0,TRUE,"Mill Creek",FALSE,10
2014,56,19,1.03442151877223,0,TRUE,"South Fork Mill Creek",FALSE,2
2014,56,5,0.989780003532925,0,TRUE,"Mill Creek",FALSE,4
2014,72,11,1.02240779685411,0,TRUE,"Mill Creek",FALSE,10
2014,72,19,1.03442151877223,0,TRUE,"South Fork Mill Creek",FALSE,2
2014,72,5,0.989780003532925,0,TRUE,"Mill Creek",FALSE,4
2014,83,11,1.02240779685411,0,TRUE,"Mill Creek",FALSE,10
2014,83,19,1.03442151877223,0,TRUE,"South Fork Mill Creek",FALSE,2
2014,83,5,0.989780003532925,0,TRUE,"Mill Creek",FALSE,4
2014,98,11,1.02240779685411,0,TRUE,"Mill Creek",FALSE,10
2014,98,19,1.03442151877223,4,TRUE,"South Fork Mill Creek",FALSE,2
2014,98,5,0.989780003532925,0,TRUE,"Mill Creek",FALSE,4
2015,104,11,1.02240779685411,0,TRUE,"Mill Creek",FALSE,10
2015,104,17,1.02240779685411,0,TRUE,"Mill Creek",FALSE,16
2015,104,19,1.03442151877223,0,TRUE,"South Fork Mill Creek",FALSE,2
2015,104,5,0.989780003532925,4,TRUE,"Mill Creek",FALSE,4
2015,118,11,1.02240779685411,1,TRUE,"Mill Creek",FALSE,10
2015,118,19,1.03442151877223,0,TRUE,"South Fork Mill Creek",FALSE,2
2015,118,5,0.989780003532925,2,TRUE,"Mill Creek",FALSE,4
2015,131,19,1.03442151877223,0,TRUE,"South Fork Mill Creek",FALSE,2
2015,132,11,1.02240779685411,0,TRUE,"Mill Creek",FALSE,10
2015,132,5,0.989780003532925,2,TRUE,"Mill Creek",FALSE,4
2015,146,11,1.02240779685411,0,TRUE,"Mill Creek",FALSE,10
2015,146,19,1.03442151877223,0,TRUE,"South Fork Mill Creek",FALSE,2
2015,146,5,0.989780003532925,0,TRUE,"Mill Creek",FALSE,4
2015,49,11,1.02240779685411,0,TRUE,"Mill Creek",FALSE,10
2015,49,19,1.03442151877223,0,TRUE,"South Fork Mill Creek",FALSE,2
2015,49,5,0.989780003532925,1,TRUE,"Mill Creek",FALSE,4
2015,62,11,1.02240779685411,0,TRUE,"Mill Creek",FALSE,10
2015,62,19,1.03442151877223,0,TRUE,"South Fork Mill Creek",FALSE,2
2015,62,5,0.989780003532925,2,TRUE,"Mill Creek",FALSE,4
2015,77,11,1.02240779685411,0,TRUE,"Mill Creek",FALSE,10
2015,77,19,1.03442151877223,0,TRUE,"South Fork Mill Creek",FALSE,2
2015,77,5,0.989780003532925,3,TRUE,"Mill Creek",FALSE,4
2015,85,11,1.02240779685411,0,TRUE,"Mill Creek",FALSE,10
2015,85,17,1.02240779685411,0,TRUE,"Mill Creek",FALSE,16
2015,85,19,1.03442151877223,0,TRUE,"South Fork Mill Creek",FALSE,2
2015,85,5,0.989780003532925,2,TRUE,"Mill Creek",FALSE,4
2016,105,11,1.02240779685411,1,TRUE,"Mill Creek",FALSE,10
2016,105,17,1.02240779685411,0,TRUE,"Mill Creek",FALSE,16
2016,105,19,1.03442151877223,0,TRUE,"South Fork Mill Creek",FALSE,2
2016,105,5,0.989780003532925,2,TRUE,"Mill Creek",FALSE,4
2016,117,11,1.02240779685411,2,TRUE,"Mill Creek",FALSE,10
2016,117,19,1.03442151877223,0,TRUE,"South Fork Mill Creek",FALSE,2
2016,117,5,0.989780003532925,0,TRUE,"Mill Creek",FALSE,4
2016,130,11,1.02240779685411,1,TRUE,"Mill Creek",FALSE,10
2016,130,19,1.03442151877223,0,TRUE,"South Fork Mill Creek",FALSE,2
2016,130,5,0.989780003532925,0,TRUE,"Mill Creek",FALSE,4
2016,144,19,1.03442151877223,0,TRUE,"South Fork Mill Creek",FALSE,2
2016,145,11,1.02240779685411,0,TRUE,"Mill Creek",FALSE,10
2016,145,5,0.989780003532925,0,TRUE,"Mill Creek",FALSE,4
2016,159,11,1.02240779685411,0,TRUE,"Mill Creek",FALSE,10
2016,159,19,1.03442151877223,0,TRUE,"South Fork Mill Creek",FALSE,2
2016,159,5,0.989780003532925,0,TRUE,"Mill Creek",FALSE,4
2016,54,11,1.02240779685411,0,TRUE,"Mill Creek",FALSE,10
2016,55,19,1.03442151877223,0,TRUE,"South Fork Mill Creek",FALSE,2
2016,62,11,1.02240779685411,0,TRUE,"Mill Creek",FALSE,10
2016,62,19,1.03442151877223,0,TRUE,"South Fork Mill Creek",FALSE,2
2016,62,5,0.989780003532925,3,TRUE,"Mill Creek",FALSE,4
2016,77,11,1.02240779685411,0,TRUE,"Mill Creek",FALSE,10
2016,77,19,1.03442151877223,0,TRUE,"South Fork Mill Creek",FALSE,2
2016,77,5,0.989780003532925,2,TRUE,"Mill Creek",FALSE,4
2016,88,11,1.02240779685411,0,TRUE,"Mill Creek",FALSE,10
2016,88,19,1.03442151877223,0,TRUE,"South Fork Mill Creek",FALSE,2
2016,88,5,0.989780003532925,2,TRUE,"Mill Creek",FALSE,4
2017,107,11,1.02240779685411,0,TRUE,"Mill Creek",FALSE,10
2017,107,17,1.02240779685411,0,TRUE,"Mill Creek",FALSE,16
2017,107,19,1.03442151877223,2,TRUE,"South Fork Mill Creek",FALSE,2
2017,107,5,0.989780003532925,3,TRUE,"Mill Creek",FALSE,4
2017,121,11,1.02240779685411,0,TRUE,"Mill Creek",FALSE,10
2017,121,17,1.02240779685411,0,TRUE,"Mill Creek",FALSE,16
2017,121,19,1.03442151877223,1,TRUE,"South Fork Mill Creek",FALSE,2
2017,121,5,0.989780003532925,0,TRUE,"Mill Creek",FALSE,4
2017,142,11,1.02240779685411,0,TRUE,"Mill Creek",FALSE,10
2017,142,19,1.03442151877223,0,TRUE,"South Fork Mill Creek",FALSE,2
2017,142,5,0.989780003532925,0,TRUE,"Mill Creek",FALSE,4
2017,156,11,1.02240779685411,0,TRUE,"Mill Creek",FALSE,10
2017,156,19,1.03442151877223,0,TRUE,"South Fork Mill Creek",FALSE,2
2017,156,5,0.989780003532925,0,TRUE,"Mill Creek",FALSE,4
2017,45,19,1.03442151877223,0,TRUE,"South Fork Mill Creek",FALSE,2
2017,52,11,1.02240779685411,0,TRUE,"Mill Creek",FALSE,10
2017,52,5,0.989780003532925,0,TRUE,"Mill Creek",FALSE,4
2017,60,11,1.02240779685411,0,TRUE,"Mill Creek",FALSE,10
2017,60,19,1.03442151877223,0,TRUE,"South Fork Mill Creek",FALSE,2
2017,60,5,0.989780003532925,0,TRUE,"Mill Creek",FALSE,4
2017,80,11,1.02240779685411,0,TRUE,"Mill Creek",FALSE,10
2017,80,19,1.03442151877223,0,TRUE,"South Fork Mill Creek",FALSE,2
2017,80,5,0.989780003532925,2,TRUE,"Mill Creek",FALSE,4
2017,95,11,1.02240779685411,0,TRUE,"Mill Creek",FALSE,10
2017,95,19,1.03442151877223,0,TRUE,"South Fork Mill Creek",FALSE,2
2017,95,5,0.989780003532925,0,TRUE,"Mill Creek",FALSE,4
2018,101,11,1.02240779685411,0,TRUE,"Mill Creek",FALSE,10
2018,101,19,1.03442151877223,0,TRUE,"South Fork Mill Creek",FALSE,2
2018,101,5,0.989780003532925,2,TRUE,"Mill Creek",FALSE,4
2018,113,11,1.02240779685411,0,TRUE,"Mill Creek",FALSE,10
2018,113,19,1.03442151877223,1,TRUE,"South Fork Mill Creek",FALSE,2
2018,113,5,0.989780003532925,0,TRUE,"Mill Creek",FALSE,4
2018,128,11,1.02240779685411,0,TRUE,"Mill Creek",FALSE,10
2018,128,19,1.03442151877223,1,TRUE,"South Fork Mill Creek",FALSE,2
2018,128,5,0.989780003532925,1,TRUE,"Mill Creek",FALSE,4
2018,142,11,1.02240779685411,0,TRUE,"Mill Creek",FALSE,10
2018,142,19,1.03442151877223,0,TRUE,"South Fork Mill Creek",FALSE,2
2018,142,5,0.989780003532925,0,TRUE,"Mill Creek",FALSE,4
2018,156,11,1.02240779685411,0,TRUE,"Mill Creek",FALSE,10
2018,156,19,1.03442151877223,0,TRUE,"South Fork Mill Creek",FALSE,2
2018,156,5,0.989780003532925,0,TRUE,"Mill Creek",FALSE,4
2018,46,11,1.02240779685411,0,TRUE,"Mill Creek",FALSE,10
2018,46,5,0.989780003532925,0,TRUE,"Mill Creek",FALSE,4
2018,57,11,1.02240779685411,0,TRUE,"Mill Creek",FALSE,10
2018,57,19,1.03442151877223,0,TRUE,"South Fork Mill Creek",FALSE,2
2018,57,5,0.989780003532925,0,TRUE,"Mill Creek",FALSE,4
2018,71,11,1.02240779685411,0,TRUE,"Mill Creek",FALSE,10
2018,71,19,1.03442151877223,0,TRUE,"South Fork Mill Creek",FALSE,2
2018,71,5,0.989780003532925,0,TRUE,"Mill Creek",FALSE,4
2018,85,11,1.02240779685411,0,TRUE,"Mill Creek",FALSE,10
2018,85,19,1.03442151877223,1,TRUE,"South Fork Mill Creek",FALSE,2
2018,85,5,0.989780003532925,1,TRUE,"Mill Creek",FALSE,4
2019,105,11,1.02240779685411,0,TRUE,"Mill Creek",FALSE,10
2019,105,19,1.03442151877223,1,TRUE,"South Fork Mill Creek",FALSE,2
2019,105,5,0.989780003532925,0,TRUE,"Mill Creek",FALSE,4
2019,119,11,1.02240779685411,0,TRUE,"Mill Creek",FALSE,10
2019,119,19,1.03442151877223,0,TRUE,"South Fork Mill Creek",FALSE,2
2019,119,5,0.989780003532925,1,TRUE,"Mill Creek",FALSE,4
2019,134,11,1.02240779685411,0,TRUE,"Mill Creek",FALSE,10
2019,134,19,1.03442151877223,0,TRUE,"South Fork Mill Creek",FALSE,2
2019,134,5,0.989780003532925,3,TRUE,"Mill Creek",FALSE,4
2019,148,11,1.02240779685411,0,TRUE,"Mill Creek",FALSE,10
2019,148,19,1.03442151877223,0,TRUE,"South Fork Mill Creek",FALSE,2
2019,148,5,0.989780003532925,0,TRUE,"Mill Creek",FALSE,4
2019,50,19,1.03442151877223,0,TRUE,"South Fork Mill Creek",FALSE,2
2019,50,5,0.989780003532925,0,TRUE,"Mill Creek",FALSE,4
2019,64,11,1.02240779685411,0,TRUE,"Mill Creek",FALSE,10
2019,64,19,1.03442151877223,0,TRUE,"South Fork Mill Creek",FALSE,2
2019,64,5,0.989780003532925,0,TRUE,"Mill Creek",FALSE,4
2019,77,11,1.02240779685411,0,TRUE,"Mill Creek",FALSE,10
2019,77,19,1.03442151877223,0,TRUE,"South Fork Mill Creek",FALSE,2
2019,77,5,0.989780003532925,0,TRUE,"Mill Creek",FALSE,4
2019,91,11,1.02240779685411,0,TRUE,"Mill Creek",FALSE,10
2019,91,19,1.03442151877223,1,TRUE,"South Fork Mill Creek",FALSE,2
2019,91,5,0.989780003532925,0,TRUE,"Mill Creek",FALSE,4
2020,112,11,1.02240779685411,0,TRUE,"Mill Creek",FALSE,10
2020,112,17,1.02240779685411,0,TRUE,"Mill Creek",FALSE,16
2020,112,5,0.989780003532925,0,TRUE,"Mill Creek",FALSE,4
2020,126,11,1.02240779685411,0,TRUE,"Mill Creek",FALSE,10
2020,126,5,0.989780003532925,0,TRUE,"Mill Creek",FALSE,4
2020,139,11,1.02240779685411,0,TRUE,"Mill Creek",FALSE,10
2020,139,5,0.989780003532925,0,TRUE,"Mill Creek",FALSE,4
2020,153,11,1.02240779685411,0,TRUE,"Mill Creek",FALSE,10
2020,153,5,0.989780003532925,0,TRUE,"Mill Creek",FALSE,4
2020,49,11,1.02240779685411,0,TRUE,"Mill Creek",FALSE,10
2020,49,19,1.03442151877223,0,TRUE,"South Fork Mill Creek",FALSE,2
2020,49,5,0.989780003532925,0,TRUE,"Mill Creek",FALSE,4
2020,62,11,1.02240779685411,0,TRUE,"Mill Creek",FALSE,10
2020,62,19,1.03442151877223,0,TRUE,"South Fork Mill Creek",FALSE,2
2020,62,5,0.989780003532925,0,TRUE,"Mill Creek",FALSE,4
2020,76,11,1.02240779685411,0,TRUE,"Mill Creek",FALSE,10
2020,76,19,1.03442151877223,0,TRUE,"South Fork Mill Creek",FALSE,2
2020,76,5,0.989780003532925,2,TRUE,"Mill Creek",FALSE,4
2021,109,11,1.02240779685411,0,TRUE,"Mill Creek",FALSE,10
2021,109,5,0.989780003532925,0,TRUE,"Mill Creek",FALSE,4
2021,123,11,1.02240779685411,0,TRUE,"Mill Creek",FALSE,10
2021,123,5,0.989780003532925,0,TRUE,"Mill Creek",FALSE,4
2021,137,11,1.02240779685411,0,TRUE,"Mill Creek",FALSE,10
2021,137,5,0.989780003532925,0,TRUE,"Mill Creek",FALSE,4
2021,153,11,1.02240779685411,0,TRUE,"Mill Creek",FALSE,10
2021,153,5,0.989780003532925,0,TRUE,"Mill Creek",FALSE,4
2021,48,11,1.02240779685411,0,TRUE,"Mill Creek",FALSE,10
2021,48,19,1.03442151877223,0,TRUE,"South Fork Mill Creek",FALSE,2
2021,48,5,0.989780003532925,0,TRUE,"Mill Creek",FALSE,4
2021,56,11,1.02240779685411,0,TRUE,"Mill Creek",FALSE,10
2021,56,19,1.03442151877223,0,TRUE,"South Fork Mill Creek",FALSE,2
2021,56,5,0.989780003532925,0,TRUE,"Mill Creek",FALSE,4
2021,67,11,1.02240779685411,0,TRUE,"Mill Creek",FALSE,10
2021,67,19,1.03442151877223,0,TRUE,"South Fork Mill Creek",FALSE,2
2021,67,5,0.989780003532925,0,TRUE,"Mill Creek",FALSE,4
2021,81,11,1.02240779685411,0,TRUE,"Mill Creek",FALSE,10
2021,81,19,1.03442151877223,0,TRUE,"South Fork Mill Creek",FALSE,2
2021,81,5,0.989780003532925,0,TRUE,"Mill Creek",FALSE,4
2021,95,11,1.02240779685411,0,TRUE,"Mill Creek",FALSE,10
2021,95,5,0.989780003532925,0,TRUE,"Mill Creek",FALSE,4
2022,102,11,1.02240779685411,1,TRUE,"Mill Creek",FALSE,10
2022,102,19,1.03442151877223,0,TRUE,"South Fork Mill Creek",FALSE,2
2022,102,5,0.989780003532925,0,TRUE,"Mill Creek",FALSE,4
2022,115,11,1.02240779685411,1,TRUE,"Mill Creek",FALSE,10
2022,115,19,1.03442151877223,0,TRUE,"South Fork Mill Creek",FALSE,2
2022,115,5,0.989780003532925,0,TRUE,"Mill Creek",FALSE,4
2022,131,11,1.02240779685411,0,TRUE,"Mill Creek",FALSE,10
2022,131,19,1.03442151877223,0,TRUE,"South Fork Mill Creek",FALSE,2
2022,131,5,0.989780003532925,0,TRUE,"Mill Creek",FALSE,4
2022,145,11,1.02240779685411,0,TRUE,"Mill Creek",FALSE,10
2022,145,19,1.03442151877223,0,TRUE,"South Fork Mill Creek",FALSE,2
2022,145,5,0.989780003532925,0,TRUE,"Mill Creek",FALSE,4
2022,165,11,1.02240779685411,0,TRUE,"Mill Creek",FALSE,10
2022,165,19,1.03442151877223,0,TRUE,"South Fork Mill Creek",FALSE,2
2022,165,5,0.989780003532925,0,TRUE,"Mill Creek",FALSE,4
2022,53,11,1.02240779685411,0,TRUE,"Mill Creek",FALSE,10
2022,53,19,1.03442151877223,0,TRUE,"South Fork Mill Creek",FALSE,2
2022,53,5,0.989780003532925,0,TRUE,"Mill Creek",FALSE,4
2022,66,11,1.02240779685411,0,TRUE,"Mill Creek",FALSE,10
2022,66,19,1.03442151877223,0,TRUE,"South Fork Mill Creek",FALSE,2
2022,66,5,0.989780003532925,0,TRUE,"Mill Creek",FALSE,4
2022,80,11,1.02240779685411,0,TRUE,"Mill Creek",FALSE,10
2022,80,19,1.03442151877223,0,TRUE,"South Fork Mill Creek",FALSE,2
2022,80,5,0.989780003532925,0,TRUE,"Mill Creek",FALSE,4
